"Trade.ID","Date...Time","Product","Delivery.Date","Quantity","Unit.Price","Total.Quantity","Value","Off.Market.Trade","Broker","Anonymous"
33228,2025-12-19 13:14:00,"CP-NZU","23-Dec-25",225,40,225,9000,"","N","Y"
33223,2025-12-18 14:01:00,"CP-NZU","22-Dec-25",8,38,8,304,"","N","Y"
33190,2025-12-17 14:05:00,"CP-NZU","19-Dec-25",250,38,250,9500,"","N","Y"
33146,2025-12-16 15:00:00,"CP-NZU","18-Dec-25",111,38.75,111,4301.25,"","N","Y"
33143,2025-12-16 10:33:00,"CP-NZU","18-Dec-25",250,39.6,250,9900,"","N","Y"
33095,2025-12-12 14:50:00,"CP-NZU","16-Dec-25",275,39.55,275,10876.25,"","N","Y"
33072,2025-12-11 11:27:00,"CP-NZU","15-Dec-25",215,39.75,215,8546.25,"","N","Y"
33071,2025-12-11 11:19:00,"CP-NZU","15-Dec-25",510,39.75,510,20272.5,"","N","Y"
33059,2025-12-11 09:44:00,"CP-NZU","15-Dec-25",100,40,100,4000,"","N","Y"
33054,2025-12-10 13:38:00,"CP-NZU","12-Dec-25",600,40,600,24000,"","N","Y"
33025,2025-12-08 15:45:00,"CP-NZU","10-Dec-25",250,40,250,10000,"","N","Y"
33018,2025-12-08 11:35:00,"CP-NZU","10-Dec-25",249,40,249,9960,"","N","Y"
33017,2025-12-08 11:35:00,"CP-NZU","10-Dec-25",251,40,251,10040,"","N","Y"
32983,2025-12-05 12:22:00,"CP-NZU","9-Dec-25",1500,42,1500,63000,"","N","Y"
32974,2025-12-05 09:13:00,"CP-NZU","9-Dec-25",400,41,400,16400,"","N","Y"
32853,2025-11-27 15:26:00,"CP-NZU","1-Dec-25",1000,40,1000,40000,"","N","Y"
32834,2025-11-27 12:29:00,"CP-NZU","1-Dec-25",1000,40,1000,40000,"","N","Y"
32829,2025-11-26 15:10:00,"CP-NZU","28-Nov-25",26,45,26,1170,"","N","Y"
32828,2025-11-26 15:07:00,"CP-NZU","28-Nov-25",639,42.5,639,27157.5,"","N","Y"
32826,2025-11-26 14:18:00,"CP-NZU","28-Nov-25",1000,43,1000,43000,"","N","Y"
32788,2025-11-24 14:25:00,"CP-NZU","26-Nov-25",165,44,165,7260,"","N","Y"
32787,2025-11-24 11:14:00,"CP-NZU","26-Nov-25",600,46,600,27600,"","N","Y"
32719,2025-11-19 16:27:00,"CP-NZU","21-Nov-25",1000,44,1000,44000,"","N","Y"
32713,2025-11-19 14:35:00,"CP-NZU","21-Nov-25",178,43.5,178,7743,"","N","Y"
32688,2025-11-17 11:21:00,"CP-NZU","19-Nov-25",15,43,15,645,"","N","Y"
32687,2025-11-17 10:38:00,"CP-NZU","19-Nov-25",100,43,100,4300,"","N","Y"
32639,2025-11-13 11:28:00,"CP-NZU","17-Nov-25",178,43,178,7654,"","N","Y"
32627,2025-11-13 10:10:00,"CP-NZU","17-Nov-25",500,43.75,500,21875,"","N","Y"
32624,2025-11-12 14:43:00,"CP-NZU","14-Nov-25",500,46.5,500,23250,"","N","Y"
32615,2025-11-12 13:42:00,"CP-NZU","14-Nov-25",400,47,400,18800,"","N","Y"
32614,2025-11-12 12:54:00,"CP-NZU","14-Nov-25",600,47,600,28200,"","N","Y"
32608,2025-11-12 11:14:00,"CP-NZU","14-Nov-25",177,45.3,177,8018.1,"","N","Y"
32596,2025-11-11 15:34:00,"CP-NZU","13-Nov-25",46,45,46,2070,"","N","Y"
32591,2025-11-11 13:06:00,"CP-NZU","13-Nov-25",75,45,75,3375,"","N","Y"
32568,2025-11-10 10:50:00,"CP-NZU","12-Nov-25",33,44,33,1452,"","N","Y"
32567,2025-11-10 10:50:00,"CP-NZU","12-Nov-25",15,44.25,15,663.75,"","N","Y"
32532,2025-11-07 14:51:00,"CP-NZU","11-Nov-25",20,43.75,20,875,"","N","Y"
32479,2025-11-05 08:54:00,"CP-NZU","7-Nov-25",1500,50,1500,75000,"","N","Y"
32478,2025-11-05 08:54:00,"CP-NZU","7-Nov-25",500,51.5,500,25750,"","N","Y"
32465,2025-11-04 09:31:00,"CP-NZU","6-Nov-25",500,52,500,26000,"","N","Y"
32463,2025-11-03 19:15:00,"CP-NZU","5-Nov-25",330,51,330,16830,"","N","Y"
32445,2025-11-03 09:31:00,"CP-NZU","5-Nov-25",200,53,200,10600,"","N","Y"
32444,2025-11-03 09:31:00,"CP-NZU","5-Nov-25",300,53,300,15900,"","N","Y"
32389,2025-10-30 12:30:00,"CP-NZU","3-Nov-25",1200,52.8,1200,63360,"","N","Y"
32379,2025-10-30 09:17:00,"CP-NZU","3-Nov-25",360,52.9,360,19044,"","N","Y"
32378,2025-10-30 09:17:00,"CP-NZU","3-Nov-25",1000,52.9,1000,52900,"","N","Y"
32377,2025-10-30 09:16:00,"CP-NZU","3-Nov-25",40,52.9,40,2116,"","N","Y"
32370,2025-10-29 14:45:00,"CP-NZU","31-Oct-25",1274,53,1274,67522,"","N","Y"
32354,2025-10-28 14:18:00,"CP-NZU","30-Oct-25",1000,54.9,1000,54900,"","N","Y"
32226,2025-10-21 12:42:00,"CP-NZU","23-Oct-25",121,55,121,6655,"","N","Y"
32210,2025-10-21 10:39:00,"CP-NZU","23-Oct-25",663,55.8,663,36995.4,"","N","Y"
32151,2025-10-17 09:17:00,"CP-NZU","21-Oct-25",7500,55.9,7500,419250,"","N","Y"
32150,2025-10-17 09:17:00,"CP-NZU","21-Oct-25",1500,55.5,1500,83250,"","N","Y"
32149,2025-10-17 09:17:00,"CP-NZU","21-Oct-25",1000,55.9,1000,55900,"","N","Y"
32137,2025-10-16 16:43:00,"CP-NZU","20-Oct-25",1000,55.5,1000,55500,"","N","Y"
32136,2025-10-16 13:28:00,"CP-NZU","20-Oct-25",325,56,325,18200,"","N","Y"
32135,2025-10-16 13:28:00,"CP-NZU","20-Oct-25",175,56,175,9800,"","N","Y"
32127,2025-10-15 13:58:00,"CP-NZU","17-Oct-25",100,56,100,5600,"","N","Y"
32125,2025-10-15 12:10:00,"CP-NZU","17-Oct-25",1000,56,1000,56000,"","N","Y"
32124,2025-10-15 12:07:00,"CP-NZU","17-Oct-25",300,56,300,16800,"","N","Y"
32120,2025-10-14 15:06:00,"CP-NZU","16-Oct-25",400,56,400,22400,"","N","Y"
32113,2025-10-14 11:54:00,"CP-NZU","16-Oct-25",37,56,37,2072,"","N","Y"
32112,2025-10-14 11:47:00,"CP-NZU","16-Oct-25",500,56,500,28000,"","N","Y"
32007,2025-10-08 12:42:00,"CP-NZU","10-Oct-25",171,55.5,171,9490.5,"","N","Y"
32001,2025-10-08 10:54:00,"CP-NZU","10-Oct-25",188,55.5,188,10434,"","N","Y"
31976,2025-10-07 13:32:00,"CP-NZU","9-Oct-25",1000,56.5,1000,56500,"","N","Y"
31975,2025-10-07 12:12:00,"CP-NZU","9-Oct-25",1000,56.6,1000,56600,"","N","Y"
31974,2025-10-07 08:15:00,"CP-NZU","9-Oct-25",1000,56.75,1000,56750,"","N","Y"
31969,2025-10-06 15:53:00,"CP-NZU","8-Oct-25",1200,56.9,1200,68280,"","N","Y"
31968,2025-10-06 15:40:00,"CP-NZU","8-Oct-25",500,57,500,28500,"","N","Y"
31967,2025-10-06 15:40:00,"CP-NZU","8-Oct-25",2195,57,2195,125115,"","N","Y"
31959,2025-10-06 13:20:00,"CP-NZU","8-Oct-25",205,57,205,11685,"","N","Y"
31958,2025-10-06 13:20:00,"CP-NZU","8-Oct-25",500,56.9,500,28450,"","N","Y"
31957,2025-10-06 13:20:00,"CP-NZU","8-Oct-25",187,56.75,187,10612.25,"","N","Y"
31927,2025-10-02 17:24:00,"CP-NZU","6-Oct-25",332,56.5,332,18758,"","N","Y"
31918,2025-10-02 16:19:00,"CP-NZU","6-Oct-25",1000,56.95,1000,56950,"","N","Y"
31909,2025-10-01 16:36:00,"CP-NZU","3-Oct-25",312,57,312,17784,"","N","Y"
31908,2025-10-01 16:36:00,"CP-NZU","3-Oct-25",188,57,188,10716,"","N","Y"
31893,2025-09-30 12:21:00,"CP-NZU","2-Oct-25",250,57,250,14250,"","N","Y"
31892,2025-09-30 12:21:00,"CP-NZU","2-Oct-25",52,57.1,52,2969.2,"","N","Y"
31890,2025-09-29 17:26:00,"CP-NZU","1-Oct-25",118,57.1,118,6737.8,"","N","Y"
31878,2025-09-29 15:23:00,"CP-NZU","1-Oct-25",1000,57.1,1000,57100,"","N","Y"
31876,2025-09-29 11:19:00,"CP-NZU","1-Oct-25",100,57.1,100,5710,"","N","Y"
31838,2025-09-25 12:29:00,"CP-NZU","29-Sep-25",1200,57,1200,68400,"","N","Y"
31837,2025-09-25 12:23:00,"CP-NZU","29-Sep-25",1000,57.05,1000,57050,"","N","Y"
31831,2025-09-24 15:23:00,"CP-NZU","26-Sep-25",1000,57.1,1000,57100,"","N","Y"
31830,2025-09-24 15:23:00,"CP-NZU","26-Sep-25",1000,57.25,1000,57250,"","N","Y"
31829,2025-09-24 11:57:00,"CP-NZU","26-Sep-25",550,57.5,550,31625,"","N","Y"
31828,2025-09-24 09:46:00,"CP-NZU","26-Sep-25",700,57.5,700,40250,"","N","Y"
31822,2025-09-23 15:56:00,"CP-NZU","25-Sep-25",1000,57.5,1000,57500,"","N","Y"
31821,2025-09-23 14:13:00,"CP-NZU","25-Sep-25",1000,57.75,1000,57750,"","N","Y"
31820,2025-09-23 12:35:00,"CP-NZU","25-Sep-25",804,58,804,46632,"","N","Y"
31819,2025-09-23 11:49:00,"CP-NZU","25-Sep-25",60,58,60,3480,"","N","Y"
31818,2025-09-23 11:49:00,"CP-NZU","25-Sep-25",736,58,736,42688,"","N","Y"
31817,2025-09-23 11:08:00,"CP-NZU","25-Sep-25",1000,57.5,1000,57500,"","N","Y"
31812,2025-09-22 13:46:00,"CP-NZU","24-Sep-25",1000,56.75,1000,56750,"","N","Y"
31788,2025-09-19 10:04:00,"CP-NZU","23-Sep-25",500,57.26,500,28630,"","N","Y"
31787,2025-09-19 10:04:00,"CP-NZU","23-Sep-25",500,57.26,500,28630,"","N","Y"
31785,2025-09-19 09:32:00,"CP-NZU","23-Sep-25",81,57,81,4617,"","N","Y"
31752,2025-09-17 18:42:00,"CP-NZU","19-Sep-25",1286,57.5,1286,73945,"","N","Y"
31723,2025-09-16 08:32:00,"CP-NZU","18-Sep-25",500,57.5,500,28750,"","N","Y"
31722,2025-09-16 08:32:00,"CP-NZU","18-Sep-25",35,57.45,35,2010.75,"","N","Y"
31686,2025-09-12 08:06:00,"CP-NZU","16-Sep-25",500,58,500,29000,"","N","Y"
31672,2025-09-11 12:24:00,"CP-NZU","15-Sep-25",669,58,669,38802,"","N","Y"
31663,2025-09-10 16:59:00,"CP-NZU","12-Sep-25",100,58,100,5800,"","N","Y"
31662,2025-09-10 16:59:00,"CP-NZU","12-Sep-25",100,58,100,5800,"","N","Y"
31661,2025-09-10 16:59:00,"CP-NZU","12-Sep-25",300,58,300,17400,"","N","Y"
31660,2025-09-10 16:59:00,"CP-NZU","12-Sep-25",500,58,500,29000,"","N","Y"
31659,2025-09-10 16:59:00,"CP-NZU","12-Sep-25",89,58,89,5162,"","N","Y"
31653,2025-09-10 14:33:00,"CP-NZU","12-Sep-25",448,57.5,448,25760,"","N","Y"
31635,2025-09-09 15:04:00,"CP-NZU","11-Sep-25",500,57.5,500,28750,"","N","Y"
31617,2025-09-09 08:47:00,"CP-NZU","11-Sep-25",1058,57.5,1058,60835,"","N","Y"
31616,2025-09-08 19:07:00,"CP-NZU","10-Sep-25",500,57.5,500,28750,"","N","Y"
31615,2025-09-08 18:49:00,"CP-NZU","10-Sep-25",500,57,500,28500,"","N","Y"
31614,2025-09-08 18:37:00,"CP-NZU","10-Sep-25",500,57.5,500,28750,"","N","Y"
31608,2025-09-08 16:44:00,"CP-NZU","10-Sep-25",500,57.5,500,28750,"","N","Y"
31597,2025-09-08 10:51:00,"CP-NZU","10-Sep-25",550,57.5,550,31625,"","N","Y"
31596,2025-09-08 10:42:00,"CP-NZU","10-Sep-25",50,57.5,50,2875,"","N","Y"
31595,2025-09-08 10:41:00,"CP-NZU","10-Sep-25",300,57.5,300,17250,"","N","Y"
31593,2025-09-08 08:51:00,"CP-NZU","10-Sep-25",1000,57,1000,57000,"","N","Y"
31592,2025-09-08 08:23:00,"CP-NZU","10-Sep-25",610,57,610,34770,"","N","Y"
31569,2025-09-05 09:39:00,"CP-NZU","9-Sep-25",255,57.5,255,14662.5,"","N","Y"
31568,2025-09-05 09:15:00,"CP-NZU","9-Sep-25",500,57.5,500,28750,"","N","Y"
31562,2025-09-04 14:50:00,"CP-NZU","8-Sep-25",200,57,200,11400,"","N","Y"
31559,2025-09-04 13:58:00,"CP-NZU","8-Sep-25",37,57,37,2109,"","N","Y"
31558,2025-09-04 13:43:00,"CP-NZU","8-Sep-25",611,57,611,34827,"","N","Y"
31544,2025-09-03 09:55:00,"CP-NZU","5-Sep-25",760,57,760,43320,"","N","Y"
31543,2025-09-03 09:55:00,"CP-NZU","5-Sep-25",100,57,100,5700,"","N","Y"
31542,2025-09-03 09:38:00,"CP-NZU","5-Sep-25",250,57,250,14250,"","N","Y"
31541,2025-09-03 08:38:00,"CP-NZU","5-Sep-25",1500,57,1500,85500,"","N","Y"
31540,2025-09-03 08:38:00,"CP-NZU","5-Sep-25",750,57,750,42750,"","N","Y"
31523,2025-09-02 08:53:00,"CP-NZU","4-Sep-25",100,56,100,5600,"","N","Y"
31522,2025-09-01 17:47:00,"CP-NZU","3-Sep-25",139,57,139,7923,"","N","Y"
31518,2025-09-01 16:27:00,"CP-NZU","3-Sep-25",129,57,129,7353,"","N","Y"
31489,2025-08-29 13:25:00,"CP-NZU","2-Sep-25",162,57,162,9234,"","N","Y"
31482,2025-08-28 12:05:00,"CP-NZU","1-Sep-25",500,57,500,28500,"","N","Y"
31481,2025-08-28 12:05:00,"CP-NZU","1-Sep-25",500,57,500,28500,"","N","Y"
31467,2025-08-27 15:52:00,"CP-NZU","29-Aug-25",1000,56.5,1000,56500,"","N","Y"
31466,2025-08-27 15:48:00,"CP-NZU","29-Aug-25",400,56.25,400,22500,"","N","Y"
31465,2025-08-27 15:01:00,"CP-NZU","29-Aug-25",750,56.25,750,42187.5,"","N","Y"
31454,2025-08-26 12:47:00,"CP-NZU","28-Aug-25",1000,55.9,1000,55900,"","N","Y"
31389,2025-08-18 16:39:00,"CP-NZU","20-Aug-25",1000,56,1000,56000,"","N","Y"
31383,2025-08-18 15:59:00,"CP-NZU","20-Aug-25",500,56.5,500,28250,"","N","Y"
31349,2025-08-15 14:03:00,"CP-NZU","19-Aug-25",500,56.5,500,28250,"","N","Y"
31348,2025-08-15 14:03:00,"CP-NZU","19-Aug-25",500,56.5,500,28250,"","N","Y"
31330,2025-08-15 08:42:00,"CP-NZU","19-Aug-25",500,56.5,500,28250,"","N","Y"
31326,2025-08-14 17:06:00,"CP-NZU","18-Aug-25",500,56.5,500,28250,"","N","Y"
31325,2025-08-14 16:03:00,"CP-NZU","18-Aug-25",250,57,250,14250,"","N","Y"
31324,2025-08-14 16:03:00,"CP-NZU","18-Aug-25",171,56.5,171,9661.5,"","N","Y"
31305,2025-08-12 19:17:00,"CP-NZU","14-Aug-25",495,57,495,28215,"","N","Y"
31304,2025-08-12 19:17:00,"CP-NZU","14-Aug-25",500,57,500,28500,"","N","Y"
31296,2025-08-12 12:19:00,"CP-NZU","14-Aug-25",600,56.9,600,34140,"","N","Y"
31295,2025-08-12 11:57:00,"CP-NZU","14-Aug-25",600,56.9,600,34140,"","N","Y"
31220,2025-08-05 14:46:00,"CP-NZU","7-Aug-25",100,57,100,5700,"","N","Y"
31211,2025-08-04 15:10:00,"CP-NZU","6-Aug-25",500,57,500,28500,"","N","Y"
31188,2025-08-01 17:00:00,"CP-NZU","5-Aug-25",500,57,500,28500,"","N","Y"
31185,2025-08-01 16:16:00,"CP-NZU","5-Aug-25",500,56.5,500,28250,"","N","Y"
31184,2025-08-01 16:03:00,"CP-NZU","5-Aug-25",500,56.5,500,28250,"","N","Y"
31178,2025-08-01 12:45:00,"CP-NZU","5-Aug-25",328,56,328,18368,"","N","Y"
31177,2025-08-01 12:45:00,"CP-NZU","5-Aug-25",1000,56,1000,56000,"","N","Y"
31156,2025-07-31 11:17:00,"CP-NZU","4-Aug-25",39,55.5,39,2164.5,"","N","Y"
31146,2025-07-30 14:05:00,"CP-NZU","1-Aug-25",92,56,92,5152,"","N","Y"
31145,2025-07-30 14:05:00,"CP-NZU","1-Aug-25",403,56,403,22568,"","N","Y"
31144,2025-07-30 12:22:00,"CP-NZU","1-Aug-25",74,56,74,4144,"","N","Y"
31133,2025-07-29 10:09:00,"CP-NZU","31-Jul-25",450,56,450,25200,"","N","Y"
31110,2025-07-27 19:57:00,"CP-NZU","29-Jul-25",120,56.7,120,6804,"","N","Y"
31067,2025-07-24 16:11:00,"CP-NZU","28-Jul-25",88,56.7,88,4989.6,"","N","Y"
31041,2025-07-23 10:59:00,"CP-NZU","25-Jul-25",140,56,140,7840,"","N","Y"
30916,2025-07-16 16:18:00,"CP-NZU","18-Jul-25",217,58,217,12586,"","N","Y"
30914,2025-07-16 16:01:00,"CP-NZU","18-Jul-25",116,58,116,6728,"","N","Y"
30912,2025-07-16 09:59:00,"CP-NZU","18-Jul-25",350,58,350,20300,"","N","Y"
30909,2025-07-15 17:00:00,"CP-NZU","17-Jul-25",400,58,400,23200,"","N","Y"
30884,2025-07-15 08:30:00,"CP-NZU","17-Jul-25",1,58,1,58,"","N","Y"
30825,2025-07-10 16:31:00,"CP-NZU","14-Jul-25",3000,57.5,3000,172500,"Off Market Trade","Y","Y"
30809,2025-07-09 15:52:00,"CP-NZU","11-Jul-25",713,58.05,713,41389.65,"","N","Y"
30808,2025-07-09 15:51:00,"CP-NZU","11-Jul-25",50,58.4,50,2920,"","N","Y"
30802,2025-07-09 14:42:00,"CP-NZU","11-Jul-25",500,57.75,500,28875,"","N","Y"
30780,2025-07-09 08:42:00,"CP-NZU","11-Jul-25",37,58,37,2146,"","N","Y"
30779,2025-07-08 19:20:00,"CP-NZU","10-Jul-25",250,58,250,14500,"","N","Y"
30775,2025-07-08 13:14:00,"CP-NZU","10-Jul-25",400,58,400,23200,"","N","Y"
30750,2025-07-07 16:28:00,"CP-NZU","9-Jul-25",250,57.5,250,14375,"","N","Y"
30749,2025-07-07 16:28:00,"CP-NZU","9-Jul-25",300,57.5,300,17250,"","N","Y"
30729,2025-07-07 12:24:00,"CP-NZU","9-Jul-25",45,57,45,2565,"","N","Y"
30700,2025-07-04 14:16:00,"CP-NZU","8-Jul-25",277,57,277,15789,"","N","Y"
30699,2025-07-04 13:06:00,"CP-NZU","8-Jul-25",138,57,138,7866,"","N","Y"
30691,2025-07-04 10:20:00,"CP-NZU","8-Jul-25",251,57,251,14307,"","N","Y"
30690,2025-07-04 10:20:00,"CP-NZU","8-Jul-25",700,57,700,39900,"","N","Y"
30649,2025-07-03 13:44:00,"CP-NZU","7-Jul-25",500,57,500,28500,"","N","Y"
30647,2025-07-03 12:05:00,"CP-NZU","7-Jul-25",995,57,995,56715,"","N","Y"
30584,2025-06-30 15:34:00,"CP-NZU","2-Jul-25",225,58.5,225,13162.5,"","N","Y"
30494,2025-06-25 09:09:00,"CP-NZU","27-Jun-25",98,59,98,5782,"","N","Y"
30489,2025-06-24 14:39:00,"CP-NZU","26-Jun-25",2,59,2,118,"","N","Y"
30488,2025-06-24 13:45:00,"CP-NZU","26-Jun-25",76,59,76,4484,"","N","Y"
30484,2025-06-24 11:16:00,"CP-NZU","26-Jun-25",291,59,291,17169,"","N","Y"
30483,2025-06-24 11:16:00,"CP-NZU","26-Jun-25",1000,59,1000,59000,"","N","Y"
30470,2025-06-23 15:27:00,"CP-NZU","25-Jun-25",500,58.5,500,29250,"","N","Y"
30445,2025-06-23 14:07:00,"CP-NZU","25-Jun-25",100,58.5,100,5850,"","N","Y"
30387,2025-06-19 12:01:00,"CP-NZU","24-Jun-25",100,57.5,100,5750,"","N","Y"
30377,2025-06-19 10:54:00,"CP-NZU","24-Jun-25",194,57.5,194,11155,"","N","Y"
30375,2025-06-18 16:31:00,"CP-NZU","23-Jun-25",61,57.5,61,3507.5,"","N","Y"
30372,2025-06-18 14:15:00,"CP-NZU","23-Jun-25",690,57.5,690,39675,"","N","Y"
30371,2025-06-18 14:13:00,"CP-NZU","23-Jun-25",2000,57.5,2000,115000,"","N","Y"
30362,2025-06-18 12:10:00,"CP-NZU","23-Jun-25",1000,57.25,1000,57250,"","N","Y"
30361,2025-06-18 12:00:00,"CP-NZU","23-Jun-25",110,57,110,6270,"","N","Y"
30349,2025-06-17 11:12:00,"CP-NZU","19-Jun-25",1000,56.5,1000,56500,"","N","Y"
30310,2025-06-16 10:11:00,"CP-NZU","18-Jun-25",1000,57,1000,57000,"","N","Y"
30264,2025-06-13 16:08:00,"CP-NZU","17-Jun-25",200,57,200,11400,"","N","Y"
30263,2025-06-13 16:08:00,"CP-NZU","17-Jun-25",415,56.75,415,23551.25,"","N","Y"
30258,2025-06-13 09:58:00,"CP-NZU","17-Jun-25",485,56.76,485,27528.6,"","N","Y"
30256,2025-06-13 09:38:00,"CP-NZU","17-Jun-25",971,56.76,971,55113.96,"","N","Y"
30238,2025-06-12 14:35:00,"CP-NZU","16-Jun-25",700,56.76,700,39732,"","N","Y"
30237,2025-06-12 12:31:00,"CP-NZU","16-Jun-25",50,57,50,2850,"","N","Y"
30236,2025-06-12 12:31:00,"CP-NZU","16-Jun-25",150,57,150,8550,"","N","Y"
30229,2025-06-12 08:54:00,"CP-NZU","16-Jun-25",200,56.75,200,11350,"","N","Y"
30228,2025-06-11 18:13:00,"CP-NZU","13-Jun-25",100,57,100,5700,"","N","Y"
30220,2025-06-11 12:42:00,"CP-NZU","13-Jun-25",200,56.5,200,11300,"","N","Y"
30205,2025-06-10 14:08:00,"CP-NZU","12-Jun-25",226,56.5,226,12769,"","N","Y"
30204,2025-06-10 12:40:00,"CP-NZU","12-Jun-25",1200,57,1200,68400,"","N","Y"
30167,2025-06-06 14:28:00,"CP-NZU","10-Jun-25",500,55,500,27500,"","N","Y"
30131,2025-06-05 15:53:00,"CP-NZU","9-Jun-25",217,59.5,217,12911.5,"","N","Y"
30130,2025-06-05 15:52:00,"CP-NZU","9-Jun-25",180,56,180,10080,"","N","Y"
30129,2025-06-05 15:52:00,"CP-NZU","9-Jun-25",981,56,981,54936,"","N","Y"
30128,2025-06-05 15:52:00,"CP-NZU","9-Jun-25",846,56,846,47376,"","N","Y"
30126,2025-06-05 15:26:00,"CP-NZU","9-Jun-25",3828,55.75,3828,213411,"","N","Y"
30125,2025-06-05 15:22:00,"CP-NZU","9-Jun-25",500,55.75,500,27875,"","N","Y"
30124,2025-06-05 15:19:00,"CP-NZU","9-Jun-25",1500,55.75,1500,83625,"","N","Y"
30118,2025-06-05 13:29:00,"CP-NZU","9-Jun-25",163,55.5,163,9046.5,"","N","Y"
30117,2025-06-05 13:10:00,"CP-NZU","9-Jun-25",1500,55.65,1500,83475,"","N","Y"
30099,2025-06-04 12:30:00,"CP-NZU","6-Jun-25",100,55,100,5500,"","N","Y"
30086,2025-06-03 14:31:00,"CP-NZU","5-Jun-25",389,55,389,21395,"","N","Y"
30085,2025-06-03 13:50:00,"CP-NZU","5-Jun-25",462,55,462,25410,"","N","Y"
30084,2025-06-03 11:31:00,"CP-NZU","5-Jun-25",404,55,404,22220,"","N","Y"
30081,2025-06-03 10:04:00,"CP-NZU","5-Jun-25",500,55,500,27500,"","N","Y"
30080,2025-06-03 09:51:00,"CP-NZU","5-Jun-25",200,55,200,11000,"","N","Y"
30055,2025-05-30 16:37:00,"CP-NZU","4-Jun-25",260,55,260,14300,"","N","Y"
30049,2025-05-30 12:03:00,"CP-NZU","4-Jun-25",1000,54.5,1000,54500,"","N","Y"
30030,2025-05-29 14:15:00,"CP-NZU","3-Jun-25",54,54.54,54,2945.16,"","N","Y"
30029,2025-05-29 14:13:00,"CP-NZU","3-Jun-25",54,54.54,54,2945.16,"","N","Y"
30028,2025-05-29 14:11:00,"CP-NZU","3-Jun-25",750,55,750,41250,"","N","Y"
30026,2025-05-29 09:54:00,"CP-NZU","3-Jun-25",400,55,400,22000,"","N","Y"
30023,2025-05-28 11:31:00,"CP-NZU","30-May-25",568,55,568,31240,"","N","Y"
30022,2025-05-28 11:31:00,"CP-NZU","30-May-25",100,55,100,5500,"","N","Y"
30021,2025-05-28 11:31:00,"CP-NZU","30-May-25",169,55,169,9295,"","N","Y"
30020,2025-05-28 11:31:00,"CP-NZU","30-May-25",100,54.95,100,5495,"","N","Y"
30007,2025-05-27 14:46:00,"CP-NZU","29-May-25",81,54.3,81,4398.3,"","N","Y"
30002,2025-05-27 10:18:00,"CP-NZU","29-May-25",50,54,50,2700,"","N","Y"
30001,2025-05-27 10:15:00,"CP-NZU","29-May-25",500,54,500,27000,"","N","Y"
29999,2025-05-27 08:55:00,"CP-NZU","29-May-25",15,54,15,810,"","N","Y"
29998,2025-05-27 08:12:00,"CP-NZU","29-May-25",111,52.3,111,5805.3,"","N","Y"
29988,2025-05-26 13:28:00,"CP-NZU","28-May-25",69,54,69,3726,"","N","Y"
29917,2025-05-19 15:32:00,"CP-NZU","21-May-25",170,56,170,9520,"","N","Y"
29915,2025-05-19 14:00:00,"CP-NZU","21-May-25",12,55.5,12,666,"","N","Y"
29913,2025-05-19 13:50:00,"CP-NZU","21-May-25",70,55.5,70,3885,"","N","Y"
29905,2025-05-19 12:47:00,"CP-NZU","21-May-25",50,55.5,50,2775,"","N","Y"
29904,2025-05-19 12:45:00,"CP-NZU","21-May-25",225,55.5,225,12487.5,"","N","Y"
29881,2025-05-16 16:45:00,"CP-NZU","20-May-25",1000,55,1000,55000,"","N","Y"
29862,2025-05-15 15:47:00,"CP-NZU","19-May-25",300,55.7,300,16710,"","N","Y"
29861,2025-05-15 14:58:00,"CP-NZU","19-May-25",200,55.7,200,11140,"","N","Y"
29860,2025-05-15 13:19:00,"CP-NZU","19-May-25",1000,55.5,1000,55500,"","N","Y"
29844,2025-05-13 17:34:00,"CP-NZU","15-May-25",900,52.9,900,47610,"","N","Y"
29833,2025-05-13 16:14:00,"CP-NZU","15-May-25",350,53,350,18550,"","N","Y"
29829,2025-05-13 15:43:00,"CP-NZU","15-May-25",150,53,150,7950,"","N","Y"
29828,2025-05-13 11:31:00,"CP-NZU","15-May-25",350,52.2,350,18270,"","N","Y"
29827,2025-05-13 08:57:00,"CP-NZU","15-May-25",422,52.1,422,21986.2,"","N","Y"
29816,2025-05-12 14:24:00,"CP-NZU","14-May-25",500,52.15,500,26075,"","N","Y"
29815,2025-05-12 12:37:00,"CP-NZU","14-May-25",500,52.1,500,26050,"","N","Y"
29814,2025-05-12 09:06:00,"CP-NZU","14-May-25",1000,50.5,1000,50500,"","N","Y"
29794,2025-05-09 13:39:00,"CP-NZU","13-May-25",1000,51,1000,51000,"","N","Y"
29793,2025-05-09 10:23:00,"CP-NZU","13-May-25",673,47,673,31631,"","N","Y"
29783,2025-05-08 11:20:00,"CP-NZU","12-May-25",300,50.5,300,15150,"","N","Y"
29774,2025-05-07 16:33:00,"CP-NZU","9-May-25",1000,51.5,1000,51500,"","N","Y"
29767,2025-05-07 09:24:00,"CP-NZU","9-May-25",401,50,401,20050,"","N","Y"
29760,2025-05-06 13:50:00,"CP-NZU","8-May-25",1000,51.25,1000,51250,"","N","Y"
29759,2025-05-06 13:50:00,"CP-NZU","8-May-25",500,51,500,25500,"","N","Y"
29758,2025-05-06 13:23:00,"CP-NZU","8-May-25",900,50,900,45000,"","N","Y"
29754,2025-05-05 13:20:00,"CP-NZU","7-May-25",1000,51,1000,51000,"","N","Y"
29747,2025-05-05 12:49:00,"CP-NZU","7-May-25",99,50,99,4950,"","N","Y"
29746,2025-05-05 12:49:00,"CP-NZU","7-May-25",1000,50,1000,50000,"","N","Y"
29627,2025-05-01 13:20:00,"CP-NZU","5-May-25",200,50.25,200,10050,"","N","Y"
29626,2025-05-01 12:02:00,"CP-NZU","20-May-25",3430,51,3430,174930,"Off Market Trade","Y","Y"
29625,2025-05-01 10:58:00,"CP-NZU","5-May-25",1000,50,1000,50000,"","N","Y"
29610,2025-04-30 10:57:00,"CP-NZU","2-May-25",155,48,155,7440,"","N","Y"
29609,2025-04-29 17:34:00,"CP-NZU","1-May-25",200,48,200,9600,"","N","Y"
29603,2025-04-29 13:32:00,"CP-NZU","1-May-25",1000,45,1000,45000,"","N","Y"
29597,2025-04-29 13:03:00,"CP-NZU","1-May-25",1500,47.5,1500,71250,"","N","Y"
29583,2025-04-28 11:59:00,"CP-NZU","30-Apr-25",250,48,250,12000,"","N","Y"
29526,2025-04-23 14:35:00,"CP-NZU","28-Apr-25",250,50.5,250,12625,"","N","Y"
29525,2025-04-23 10:08:00,"CP-NZU","28-Apr-25",570,53,570,30210,"","N","Y"
29524,2025-04-23 08:15:00,"CP-NZU","28-Apr-25",48,52,48,2496,"","N","Y"
29523,2025-04-23 08:15:00,"CP-NZU","28-Apr-25",48,51,48,2448,"","N","Y"
29474,2025-04-18 16:04:00,"CP-NZU","23-Apr-25",462,50,462,23100,"","N","Y"
29458,2025-04-17 15:18:00,"CP-NZU","23-Apr-25",444,50,444,22200,"","N","Y"
29452,2025-04-17 09:20:00,"CP-NZU","23-Apr-25",1322,49.5,1322,65439,"","N","Y"
29449,2025-04-16 18:06:00,"CP-NZU","22-Apr-25",540,50,540,27000,"","N","Y"
29442,2025-04-16 14:44:00,"CP-NZU","22-Apr-25",138,50,138,6900,"","N","Y"
29441,2025-04-16 14:44:00,"CP-NZU","22-Apr-25",378,50,378,18900,"","N","Y"
29440,2025-04-16 12:03:00,"CP-NZU","22-Apr-25",1000,50,1000,50000,"","N","Y"
29439,2025-04-16 11:47:00,"CP-NZU","22-Apr-25",1000,52,1000,52000,"","N","Y"
29421,2025-04-15 10:05:00,"CP-NZU","17-Apr-25",2230,53,2230,118190,"Off Market Trade","Y","Y"
29420,2025-04-15 09:41:00,"CP-NZU","17-Apr-25",380,53,380,20140,"","N","Y"
29412,2025-04-14 11:56:00,"CP-NZU","16-Apr-25",390,54,390,21060,"","N","Y"
29380,2025-04-11 14:13:00,"CP-NZU","15-Apr-25",110,54.5,110,5995,"","N","Y"
29349,2025-04-09 14:56:00,"CP-NZU","11-Apr-25",536,54.5,536,29212,"","N","Y"
29333,2025-04-08 12:56:00,"CP-NZU","10-Apr-25",1000,54.75,1000,54750,"","N","Y"
29332,2025-04-08 12:46:00,"CP-NZU","10-Apr-25",1500,54.95,1500,82425,"","N","Y"
29271,2025-04-04 12:15:00,"CP-NZU","8-Apr-25",300,55,300,16500,"","N","Y"
29270,2025-04-04 12:15:00,"CP-NZU","8-Apr-25",100,55,100,5500,"","N","Y"
29269,2025-04-04 12:14:00,"CP-NZU","8-Apr-25",234,54,234,12636,"","N","Y"
29268,2025-04-04 11:19:00,"CP-NZU","8-Apr-25",1000,55,1000,55000,"","N","Y"
29262,2025-04-03 17:03:00,"CP-NZU","7-Apr-25",1000,55.95,1000,55950,"","N","Y"
29261,2025-04-03 16:40:00,"CP-NZU","7-Apr-25",100,55.3,100,5530,"","N","Y"
29260,2025-04-03 16:40:00,"CP-NZU","7-Apr-25",1203,55,1203,66165,"","N","Y"
29259,2025-04-03 16:40:00,"CP-NZU","7-Apr-25",829,55,829,45595,"","N","Y"
29248,2025-04-03 13:42:00,"CP-NZU","7-Apr-25",1500,54.5,1500,81750,"","N","Y"
29246,2025-04-03 12:41:00,"CP-NZU","7-Apr-25",1000,55,1000,55000,"","N","Y"
29237,2025-04-02 16:00:00,"CP-NZU","4-Apr-25",1500,55.95,1500,83925,"","N","Y"
29227,2025-04-02 11:08:00,"CP-NZU","4-Apr-25",61,57,61,3477,"","N","Y"
29211,2025-04-01 16:58:00,"CP-NZU","3-Apr-25",500,56,500,28000,"","N","Y"
29201,2025-04-01 13:54:00,"CP-NZU","3-Apr-25",1281,56,1281,71736,"","N","Y"
29200,2025-04-01 13:38:00,"CP-NZU","3-Apr-25",150,56.5,150,8475,"","N","Y"
29193,2025-04-01 10:52:00,"CP-NZU","3-Apr-25",629,57,629,35853,"","N","Y"
29192,2025-04-01 10:50:00,"CP-NZU","3-Apr-25",671,57,671,38247,"","N","Y"
29190,2025-04-01 10:47:00,"CP-NZU","3-Apr-25",200,57,200,11400,"","N","Y"
29184,2025-04-01 08:29:00,"CP-NZU","3-Apr-25",1500,57,1500,85500,"","N","Y"
29183,2025-04-01 08:29:00,"CP-NZU","3-Apr-25",1000,57,1000,57000,"","N","Y"
29178,2025-03-31 14:20:00,"CP-NZU","2-Apr-25",377,57,377,21489,"","N","Y"
29124,2025-03-28 14:22:00,"CP-NZU","1-Apr-25",1147,59,1147,67673,"","N","Y"
29123,2025-03-28 14:21:00,"CP-NZU","1-Apr-25",100,58.5,100,5850,"","N","Y"
29098,2025-03-27 12:15:00,"CP-NZU","31-Mar-25",300,57,300,17100,"","N","Y"
29097,2025-03-27 08:24:00,"CP-NZU","31-Mar-25",353,59,353,20827,"","N","Y"
29087,2025-03-26 15:14:00,"CP-NZU","28-Mar-25",360,56.5,360,20340,"","N","Y"
29086,2025-03-26 15:11:00,"CP-NZU","28-Mar-25",360,56.25,360,20250,"","N","Y"
29085,2025-03-26 14:45:00,"CP-NZU","28-Mar-25",50,57,50,2850,"","N","Y"
29081,2025-03-26 12:46:00,"CP-NZU","28-Mar-25",700,56,700,39200,"","N","Y"
29080,2025-03-26 10:59:00,"CP-NZU","28-Mar-25",200,54.5,200,10900,"","N","Y"
29079,2025-03-25 17:00:00,"CP-NZU","27-Mar-25",725,54,725,39150,"","N","Y"
29078,2025-03-25 16:35:00,"CP-NZU","27-Mar-25",175,54,175,9450,"","N","Y"
29067,2025-03-25 12:44:00,"CP-NZU","27-Mar-25",1500,58.5,1500,87750,"","N","Y"
29066,2025-03-25 12:42:00,"CP-NZU","27-Mar-25",2000,58.75,2000,117500,"","N","Y"
29065,2025-03-25 12:42:00,"CP-NZU","27-Mar-25",1800,59,1800,106200,"","N","Y"
29056,2025-03-24 14:30:00,"CP-NZU","31-Mar-25",3400,59,3400,200600,"Off Market Trade","Y","Y"
29053,2025-03-24 12:33:00,"CP-NZU","26-Mar-25",1500,59,1500,88500,"","N","Y"
29039,2025-03-21 17:49:00,"CP-NZU","25-Mar-25",20,59.25,20,1185,"","N","Y"
29038,2025-03-21 17:49:00,"CP-NZU","25-Mar-25",1480,59.25,1480,87690,"","N","Y"
29037,2025-03-21 17:44:00,"CP-NZU","25-Mar-25",20,59.25,20,1185,"","N","Y"
29036,2025-03-21 17:21:00,"CP-NZU","25-Mar-25",1000,59.5,1000,59500,"","N","Y"
29019,2025-03-21 14:55:00,"CP-NZU","25-Mar-25",31,59.5,31,1844.5,"","N","Y"
29018,2025-03-21 13:58:00,"CP-NZU","25-Mar-25",5,60,5,300,"","N","Y"
29017,2025-03-21 13:58:00,"CP-NZU","25-Mar-25",85,59.9,85,5091.5,"","N","Y"
29009,2025-03-21 08:52:00,"CP-NZU","25-Mar-25",95,60,95,5700,"","N","Y"
29008,2025-03-20 16:30:00,"CP-NZU","24-Mar-25",2,60,2,120,"","N","Y"
29007,2025-03-20 16:22:00,"CP-NZU","24-Mar-25",1800,59.5,1800,107100,"","N","Y"
28996,2025-03-20 13:17:00,"CP-NZU","24-Mar-25",400,59.5,400,23800,"","N","Y"
28985,2025-03-19 10:49:00,"CP-NZU","21-Mar-25",114,59.25,114,6754.5,"","N","Y"
28982,2025-03-19 08:25:00,"CP-NZU","21-Mar-25",10,59.5,10,595,"","N","Y"
28980,2025-03-18 14:31:00,"CP-NZU","20-Mar-25",2500,59.5,2500,148750,"","N","Y"
28976,2025-03-18 13:58:00,"CP-NZU","20-Mar-25",1500,59.25,1500,88875,"","N","Y"
28952,2025-03-18 11:58:00,"CP-NZU","20-Mar-25",1829,59.3,1829,108459.7,"","N","Y"
28950,2025-03-18 11:34:00,"CP-NZU","20-Mar-25",200,60,200,12000,"","N","Y"
28933,2025-03-17 15:16:00,"CP-NZU","19-Mar-25",1367,59,1367,80653,"","N","Y"
28932,2025-03-17 14:22:00,"CP-NZU","19-Mar-25",560,60,560,33600,"","N","Y"
28931,2025-03-17 13:46:00,"CP-NZU","19-Mar-25",352,60,352,21120,"","N","Y"
28930,2025-03-17 13:46:00,"CP-NZU","19-Mar-25",100,60,100,6000,"","N","Y"
28926,2025-03-17 12:23:00,"CP-NZU","19-Mar-25",1773,59.5,1773,105493.5,"","N","Y"
28853,2025-03-14 11:37:00,"CP-NZU","18-Mar-25",996,60,996,59760,"","N","Y"
28852,2025-03-14 10:56:00,"CP-NZU","18-Mar-25",1500,60.75,1500,91125,"","N","Y"
28847,2025-03-13 18:19:00,"CP-NZU","17-Mar-25",500,60.75,500,30375,"","N","Y"
28833,2025-03-13 15:54:00,"CP-NZU","17-Mar-25",1000,60.9,1000,60900,"","N","Y"
28832,2025-03-13 15:18:00,"CP-NZU","17-Mar-25",2000,61,2000,122000,"","N","Y"
28824,2025-03-13 13:30:00,"CP-NZU","17-Mar-25",1500,61.25,1500,91875,"","N","Y"
28823,2025-03-13 10:19:00,"CP-NZU","17-Mar-25",110,61.45,110,6759.5,"","N","Y"
28822,2025-03-12 13:36:00,"CP-NZU","14-Mar-25",2000,61.5,2000,123000,"","N","Y"
28747,2025-03-08 08:26:00,"CP-NZU","11-Mar-25",150,61.75,150,9262.5,"","N","Y"
28729,2025-03-07 12:38:00,"CP-NZU","11-Mar-25",1500,61.25,1500,91875,"","N","Y"
28728,2025-03-07 10:57:00,"CP-NZU","11-Mar-25",2000,61.5,2000,123000,"","N","Y"
28727,2025-03-07 10:57:00,"CP-NZU","11-Mar-25",100,61.5,100,6150,"","N","Y"
28726,2025-03-07 10:50:00,"CP-NZU","11-Mar-25",1500,61.75,1500,92625,"","N","Y"
28715,2025-03-07 09:10:00,"CP-NZU","11-Mar-25",100,62,100,6200,"","N","Y"
28667,2025-03-04 15:07:00,"CP-NZU","6-Mar-25",100,62.5,100,6250,"","N","Y"
28660,2025-03-04 12:19:00,"CP-NZU","6-Mar-25",390,62.5,390,24375,"","N","Y"
28648,2025-03-03 17:24:00,"CP-NZU","5-Mar-25",2000,62.9,2000,125800,"","N","Y"
28638,2025-03-03 12:06:00,"CP-NZU","5-Mar-25",234,63,234,14742,"","N","Y"
28586,2025-02-27 13:58:00,"CP-NZU","3-Mar-25",64,63.1,64,4038.4,"","N","Y"
28585,2025-02-27 13:57:00,"CP-NZU","3-Mar-25",1500,63,1500,94500,"","N","Y"
28583,2025-02-27 13:09:00,"CP-NZU","3-Mar-25",300,63,300,18900,"","N","Y"
28582,2025-02-27 12:27:00,"CP-NZU","3-Mar-25",235,63,235,14805,"","N","Y"
28581,2025-02-27 12:27:00,"CP-NZU","3-Mar-25",500,63,500,31500,"","N","Y"
28579,2025-02-27 10:27:00,"CP-NZU","3-Mar-25",1500,62.75,1500,94125,"","N","Y"
28578,2025-02-27 10:27:00,"CP-NZU","3-Mar-25",35,62.5,35,2187.5,"","N","Y"
28577,2025-02-27 10:18:00,"CP-NZU","3-Mar-25",426,62.5,426,26625,"","N","Y"
28575,2025-02-26 16:51:00,"CP-NZU","28-Feb-25",20,62.5,20,1250,"","N","Y"
28563,2025-02-26 12:25:00,"CP-NZU","28-Feb-25",292,62.5,292,18250,"","N","Y"
28562,2025-02-26 12:22:00,"CP-NZU","28-Feb-25",817,63,817,51471,"","N","Y"
28561,2025-02-26 12:07:00,"CP-NZU","28-Feb-25",37,63,37,2331,"","N","Y"
28560,2025-02-26 10:35:00,"CP-NZU","28-Feb-25",100,63,100,6300,"","N","Y"
28559,2025-02-26 10:35:00,"CP-NZU","28-Feb-25",1,62.9,1,62.9,"","N","Y"
28554,2025-02-24 18:37:00,"CP-NZU","26-Feb-25",436,63.1,436,27511.6,"","N","Y"
28553,2025-02-24 18:37:00,"CP-NZU","26-Feb-25",100,63,100,6300,"","N","Y"
28552,2025-02-24 18:37:00,"CP-NZU","26-Feb-25",100,63,100,6300,"","N","Y"
28551,2025-02-24 17:47:00,"CP-NZU","26-Feb-25",100,62.8,100,6280,"","N","Y"
28546,2025-02-24 13:36:00,"CP-NZU","26-Feb-25",100,62.5,100,6250,"","N","Y"
28514,2025-02-21 15:43:00,"CP-NZU","25-Feb-25",1369,63,1369,86247,"","N","Y"
28513,2025-02-21 14:27:00,"CP-NZU","25-Feb-25",232,63,232,14616,"","N","Y"
28511,2025-02-21 08:32:00,"CP-NZU","25-Feb-25",278,62.5,278,17375,"","N","Y"
28510,2025-02-21 08:31:00,"CP-NZU","25-Feb-25",18,62.5,18,1125,"","N","Y"
28509,2025-02-21 08:00:00,"CP-NZU","25-Feb-25",235,62.5,235,14687.5,"","N","Y"
28508,2025-02-20 17:50:00,"CP-NZU","24-Feb-25",12,62,12,744,"","N","Y"
28502,2025-02-20 17:13:00,"CP-NZU","24-Feb-25",289,62.5,289,18062.5,"","N","Y"
28500,2025-02-20 16:37:00,"CP-NZU","24-Feb-25",32,62.5,32,2000,"","N","Y"
28497,2025-02-20 14:45:00,"CP-NZU","24-Feb-25",68,62.5,68,4250,"","N","Y"
28496,2025-02-20 14:43:00,"CP-NZU","24-Feb-25",232,62.5,232,14500,"","N","Y"
28495,2025-02-20 10:54:00,"CP-NZU","24-Feb-25",553,62.5,553,34562.5,"","N","Y"
28488,2025-02-19 15:36:00,"CP-NZU","28-Feb-25",3944,63.7,3944,251232.8,"Off Market Trade","Y","Y"
28480,2025-02-19 10:13:00,"CP-NZU","21-Feb-25",44,62.5,44,2750,"","N","Y"
28470,2025-02-18 12:54:00,"CP-NZU","20-Feb-25",100,62.5,100,6250,"","N","Y"
28410,2025-02-14 10:07:00,"CP-NZU","18-Feb-25",600,63,600,37800,"","N","Y"
28392,2025-02-12 15:51:00,"CP-NZU","14-Feb-25",80,63,80,5040,"","N","Y"
28391,2025-02-12 15:51:00,"CP-NZU","14-Feb-25",91,63,91,5733,"","N","Y"
28390,2025-02-12 15:51:00,"CP-NZU","14-Feb-25",300,63,300,18900,"","N","Y"
28384,2025-02-12 15:25:00,"CP-NZU","14-Feb-25",300,62.75,300,18825,"","N","Y"
28370,2025-02-11 14:09:00,"CP-NZU","13-Feb-25",250,63,250,15750,"","N","Y"
28369,2025-02-11 14:09:00,"CP-NZU","13-Feb-25",139,63,139,8757,"","N","Y"
28368,2025-02-11 14:09:00,"CP-NZU","13-Feb-25",92,63,92,5796,"","N","Y"
28367,2025-02-11 14:09:00,"CP-NZU","13-Feb-25",63,63,63,3969,"","N","Y"
28366,2025-02-11 10:39:00,"CP-NZU","13-Feb-25",30,63,30,1890,"","N","Y"
28362,2025-02-10 15:19:00,"CP-NZU","12-Feb-25",2000,63,2000,126000,"","N","Y"
28361,2025-02-10 13:57:00,"CP-NZU","12-Feb-25",61,63,61,3843,"","N","Y"
28360,2025-02-10 13:57:00,"CP-NZU","12-Feb-25",1270,63,1270,80010,"","N","Y"
28359,2025-02-10 13:57:00,"CP-NZU","12-Feb-25",1000,63,1000,63000,"","N","Y"
28358,2025-02-10 13:57:00,"CP-NZU","12-Feb-25",380,63,380,23940,"","N","Y"
28352,2025-02-10 11:25:00,"CP-NZU","12-Feb-25",205,62.5,205,12812.5,"","N","Y"
28342,2025-02-07 16:56:00,"CP-NZU","11-Feb-25",500,63,500,31500,"","N","Y"
28335,2025-02-07 10:03:00,"CP-NZU","11-Feb-25",163,63.2,163,10301.6,"","N","Y"
28324,2025-02-07 08:58:00,"CP-NZU","11-Feb-25",137,63.2,137,8658.4,"","N","Y"
28315,2025-02-06 11:38:00,"CP-NZU","10-Feb-25",200,63.5,200,12700,"","N","Y"
28313,2025-02-06 09:39:00,"CP-NZU","10-Feb-25",500,63.5,500,31750,"","N","Y"
28312,2025-02-06 09:39:00,"CP-NZU","10-Feb-25",143,63.5,143,9080.5,"","N","Y"
28306,2025-02-05 17:36:00,"CP-NZU","10-Feb-25",269,63.5,269,17081.5,"","N","Y"
28305,2025-02-05 17:36:00,"CP-NZU","10-Feb-25",83,63.4,83,5262.2,"","N","Y"
28304,2025-02-05 17:36:00,"CP-NZU","10-Feb-25",148,63.15,148,9346.2,"","N","Y"
28295,2025-02-04 14:46:00,"CP-NZU","7-Feb-25",521,63.75,521,33213.75,"","N","Y"
28294,2025-02-04 14:36:00,"CP-NZU","7-Feb-25",200,63.6,200,12720,"","N","Y"
28293,2025-02-04 14:36:00,"CP-NZU","7-Feb-25",100,63.4,100,6340,"","N","Y"
28290,2025-02-04 13:12:00,"CP-NZU","7-Feb-25",77,63.5,77,4889.5,"","N","Y"
28289,2025-02-04 13:01:00,"CP-NZU","7-Feb-25",200,63,200,12600,"","N","Y"
28275,2025-02-04 08:08:00,"CP-NZU","7-Feb-25",479,63.75,479,30536.25,"","N","Y"
28274,2025-02-04 08:00:00,"CP-NZU","7-Feb-25",30,63.5,30,1905,"","N","Y"
28273,2025-02-04 08:00:00,"CP-NZU","7-Feb-25",150,63.5,150,9525,"","N","Y"
28268,2025-02-03 12:54:00,"CP-NZU","5-Feb-25",1532,63,1532,96516,"","N","Y"
28263,2025-02-03 09:16:00,"CP-NZU","5-Feb-25",341,63.75,341,21738.75,"","N","Y"
28233,2025-01-31 12:58:00,"CP-NZU","4-Feb-25",341,63.75,341,21738.75,"","N","Y"
28191,2025-01-29 17:21:00,"CP-NZU","31-Jan-25",1000,63.5,1000,63500,"","N","Y"
28182,2025-01-29 12:39:00,"CP-NZU","31-Jan-25",200,63,200,12600,"","N","Y"
28181,2025-01-29 12:39:00,"CP-NZU","31-Jan-25",50,63,50,3150,"","N","Y"
28177,2025-01-28 17:05:00,"CP-NZU","30-Jan-25",40,63.5,40,2540,"","N","Y"
28176,2025-01-28 17:05:00,"CP-NZU","30-Jan-25",325,63.5,325,20637.5,"","N","Y"
28166,2025-01-28 12:42:00,"CP-NZU","30-Jan-25",1000,63,1000,63000,"","N","Y"
28165,2025-01-28 09:34:00,"CP-NZU","30-Jan-25",1777,63,1777,111951,"","N","Y"
28153,2025-01-27 13:31:00,"CP-NZU","29-Jan-25",81,63.5,81,5143.5,"","N","Y"
28152,2025-01-27 13:07:00,"CP-NZU","29-Jan-25",500,63,500,31500,"","N","Y"
28151,2025-01-27 12:07:00,"CP-NZU","29-Jan-25",400,63,400,25200,"","N","Y"
28136,2025-01-24 17:20:00,"CP-NZU","28-Jan-25",502,63,502,31626,"","N","Y"
28115,2025-01-24 15:16:00,"CP-NZU","28-Jan-25",87,63,87,5481,"","N","Y"
28114,2025-01-24 12:36:00,"CP-NZU","28-Jan-25",211,63.25,211,13345.75,"","N","Y"
28110,2025-01-24 11:54:00,"CP-NZU","28-Jan-25",300,63.5,300,19050,"","N","Y"
28107,2025-01-23 15:42:00,"CP-NZU","27-Jan-25",37,64.2,37,2375.4,"","N","Y"
28102,2025-01-23 15:08:00,"CP-NZU","27-Jan-25",160,64,160,10240,"","N","Y"
28101,2025-01-23 15:08:00,"CP-NZU","27-Jan-25",76,64,76,4864,"","N","Y"
28100,2025-01-23 15:08:00,"CP-NZU","27-Jan-25",100,64,100,6400,"","N","Y"
28099,2025-01-23 15:08:00,"CP-NZU","27-Jan-25",100,64,100,6400,"","N","Y"
28098,2025-01-23 15:07:00,"CP-NZU","27-Jan-25",144,63.5,144,9144,"","N","Y"
28093,2025-01-23 13:44:00,"CP-NZU","27-Jan-25",17,63,17,1071,"","N","Y"
28091,2025-01-23 13:31:00,"CP-NZU","27-Jan-25",133,63,133,8379,"","N","Y"
28090,2025-01-23 12:12:00,"CP-NZU","27-Jan-25",67,63,67,4221,"","N","Y"
28087,2025-01-22 17:06:00,"CP-NZU","24-Jan-25",80,62.5,80,5000,"","N","Y"
28086,2025-01-22 16:56:00,"CP-NZU","24-Jan-25",60,62.5,60,3750,"","N","Y"
28080,2025-01-22 14:43:00,"CP-NZU","24-Jan-25",166,63,166,10458,"","N","Y"
28064,2025-01-21 15:31:00,"CP-NZU","23-Jan-25",482,62.5,482,30125,"","N","Y"
28063,2025-01-21 14:38:00,"CP-NZU","23-Jan-25",247,62.5,247,15437.5,"","N","Y"
28062,2025-01-21 13:51:00,"CP-NZU","23-Jan-25",47,63,47,2961,"","N","Y"
