"Trade.ID","Date...Time","Product","Delivery.Date","Quantity","Unit.Price","Total.Quantity","Value","Off.Market.Trade","Broker","Anonymous"
31893,2025-09-30 12:21:00,"CP-NZU","2-Oct-25",250,57,250,14250,"","N","Y"
31892,2025-09-30 12:21:00,"CP-NZU","2-Oct-25",52,57.1,52,2969.2,"","N","Y"
31909,2025-10-01 16:36:00,"CP-NZU","3-Oct-25",312,57,312,17784,"","N","Y"
31908,2025-10-01 16:36:00,"CP-NZU","3-Oct-25",188,57,188,10716,"","N","Y"
31918,2025-10-02 16:19:00,"CP-NZU","6-Oct-25",1000,56.95,1000,56950,"","N","Y"
31927,2025-10-02 17:24:00,"CP-NZU","6-Oct-25",332,56.5,332,18758,"","N","Y"
31959,2025-10-06 13:20:00,"CP-NZU","8-Oct-25",205,57,205,11685,"","N","Y"
31958,2025-10-06 13:20:00,"CP-NZU","8-Oct-25",500,56.9,500,28450,"","N","Y"
31957,2025-10-06 13:20:00,"CP-NZU","8-Oct-25",187,56.75,187,10612.25,"","N","Y"
31968,2025-10-06 15:40:00,"CP-NZU","8-Oct-25",500,57,500,28500,"","N","Y"
31967,2025-10-06 15:40:00,"CP-NZU","8-Oct-25",2195,57,2195,125115,"","N","Y"
31969,2025-10-06 15:53:00,"CP-NZU","8-Oct-25",1200,56.9,1200,68280,"","N","Y"
31974,2025-10-07 08:15:00,"CP-NZU","9-Oct-25",1000,56.75,1000,56750,"","N","Y"
31975,2025-10-07 12:12:00,"CP-NZU","9-Oct-25",1000,56.6,1000,56600,"","N","Y"
31976,2025-10-07 13:32:00,"CP-NZU","9-Oct-25",1000,56.5,1000,56500,"","N","Y"
32001,2025-10-08 10:54:00,"CP-NZU","10-Oct-25",188,55.5,188,10434,"","N","Y"
32007,2025-10-08 12:42:00,"CP-NZU","10-Oct-25",171,55.5,171,9490.5,"","N","Y"
32112,2025-10-14 11:47:00,"CP-NZU","16-Oct-25",500,56,500,28000,"","N","Y"
32113,2025-10-14 11:54:00,"CP-NZU","16-Oct-25",37,56,37,2072,"","N","Y"
32120,2025-10-14 15:06:00,"CP-NZU","16-Oct-25",400,56,400,22400,"","N","Y"
32124,2025-10-15 12:07:00,"CP-NZU","17-Oct-25",300,56,300,16800,"","N","Y"
32125,2025-10-15 12:10:00,"CP-NZU","17-Oct-25",1000,56,1000,56000,"","N","Y"
32127,2025-10-15 13:58:00,"CP-NZU","17-Oct-25",100,56,100,5600,"","N","Y"
32136,2025-10-16 13:28:00,"CP-NZU","20-Oct-25",325,56,325,18200,"","N","Y"
32135,2025-10-16 13:28:00,"CP-NZU","20-Oct-25",175,56,175,9800,"","N","Y"
32137,2025-10-16 16:43:00,"CP-NZU","20-Oct-25",1000,55.5,1000,55500,"","N","Y"
32151,2025-10-17 09:17:00,"CP-NZU","21-Oct-25",7500,55.9,7500,419250,"","N","Y"
32150,2025-10-17 09:17:00,"CP-NZU","21-Oct-25",1500,55.5,1500,83250,"","N","Y"
32149,2025-10-17 09:17:00,"CP-NZU","21-Oct-25",1000,55.9,1000,55900,"","N","Y"
32210,2025-10-21 10:39:00,"CP-NZU","23-Oct-25",663,55.8,663,36995.4,"","N","Y"
32226,2025-10-21 12:42:00,"CP-NZU","23-Oct-25",121,55,121,6655,"","N","Y"
32354,2025-10-28 14:18:00,"CP-NZU","30-Oct-25",1000,54.9,1000,54900,"","N","Y"
32370,2025-10-29 14:45:00,"CP-NZU","31-Oct-25",1274,53,1274,67522,"","N","Y"
32377,2025-10-30 09:16:00,"CP-NZU","3-Nov-25",40,52.9,40,2116,"","N","Y"
32379,2025-10-30 09:17:00,"CP-NZU","3-Nov-25",360,52.9,360,19044,"","N","Y"
32378,2025-10-30 09:17:00,"CP-NZU","3-Nov-25",1000,52.9,1000,52900,"","N","Y"
32389,2025-10-30 12:30:00,"CP-NZU","3-Nov-25",1200,52.8,1200,63360,"","N","Y"
32445,2025-11-03 09:31:00,"CP-NZU","5-Nov-25",200,53,200,10600,"","N","Y"
32444,2025-11-03 09:31:00,"CP-NZU","5-Nov-25",300,53,300,15900,"","N","Y"
32463,2025-11-03 19:15:00,"CP-NZU","5-Nov-25",330,51,330,16830,"","N","Y"
32465,2025-11-04 09:31:00,"CP-NZU","6-Nov-25",500,52,500,26000,"","N","Y"
32479,2025-11-05 08:54:00,"CP-NZU","7-Nov-25",1500,50,1500,75000,"","N","Y"
32478,2025-11-05 08:54:00,"CP-NZU","7-Nov-25",500,51.5,500,25750,"","N","Y"
32532,2025-11-07 14:51:00,"CP-NZU","11-Nov-25",20,43.75,20,875,"","N","Y"
32568,2025-11-10 10:50:00,"CP-NZU","12-Nov-25",33,44,33,1452,"","N","Y"
32567,2025-11-10 10:50:00,"CP-NZU","12-Nov-25",15,44.25,15,663.75,"","N","Y"
32591,2025-11-11 13:06:00,"CP-NZU","13-Nov-25",75,45,75,3375,"","N","Y"
32596,2025-11-11 15:34:00,"CP-NZU","13-Nov-25",46,45,46,2070,"","N","Y"
32608,2025-11-12 11:14:00,"CP-NZU","14-Nov-25",177,45.3,177,8018.1,"","N","Y"
32614,2025-11-12 12:54:00,"CP-NZU","14-Nov-25",600,47,600,28200,"","N","Y"
32615,2025-11-12 13:42:00,"CP-NZU","14-Nov-25",400,47,400,18800,"","N","Y"
32624,2025-11-12 14:43:00,"CP-NZU","14-Nov-25",500,46.5,500,23250,"","N","Y"
32627,2025-11-13 10:10:00,"CP-NZU","17-Nov-25",500,43.75,500,21875,"","N","Y"
32639,2025-11-13 11:28:00,"CP-NZU","17-Nov-25",178,43,178,7654,"","N","Y"
32687,2025-11-17 10:38:00,"CP-NZU","19-Nov-25",100,43,100,4300,"","N","Y"
32688,2025-11-17 11:21:00,"CP-NZU","19-Nov-25",15,43,15,645,"","N","Y"
32713,2025-11-19 14:35:00,"CP-NZU","21-Nov-25",178,43.5,178,7743,"","N","Y"
32719,2025-11-19 16:27:00,"CP-NZU","21-Nov-25",1000,44,1000,44000,"","N","Y"
32787,2025-11-24 11:14:00,"CP-NZU","26-Nov-25",600,46,600,27600,"","N","Y"
32788,2025-11-24 14:25:00,"CP-NZU","26-Nov-25",165,44,165,7260,"","N","Y"
32826,2025-11-26 14:18:00,"CP-NZU","28-Nov-25",1000,43,1000,43000,"","N","Y"
32828,2025-11-26 15:07:00,"CP-NZU","28-Nov-25",639,42.5,639,27157.5,"","N","Y"
32829,2025-11-26 15:10:00,"CP-NZU","28-Nov-25",26,45,26,1170,"","N","Y"
32834,2025-11-27 12:29:00,"CP-NZU","1-Dec-25",1000,40,1000,40000,"","N","Y"
32853,2025-11-27 15:26:00,"CP-NZU","1-Dec-25",1000,40,1000,40000,"","N","Y"
32974,2025-12-05 09:13:00,"CP-NZU","9-Dec-25",400,41,400,16400,"","N","Y"
32983,2025-12-05 12:22:00,"CP-NZU","9-Dec-25",1500,42,1500,63000,"","N","Y"
33018,2025-12-08 11:35:00,"CP-NZU","10-Dec-25",249,40,249,9960,"","N","Y"
33017,2025-12-08 11:35:00,"CP-NZU","10-Dec-25",251,40,251,10040,"","N","Y"
33025,2025-12-08 15:45:00,"CP-NZU","10-Dec-25",250,40,250,10000,"","N","Y"
33054,2025-12-10 13:38:00,"CP-NZU","12-Dec-25",600,40,600,24000,"","N","Y"
33059,2025-12-11 09:44:00,"CP-NZU","15-Dec-25",100,40,100,4000,"","N","Y"
33071,2025-12-11 11:19:00,"CP-NZU","15-Dec-25",510,39.75,510,20272.5,"","N","Y"
33072,2025-12-11 11:27:00,"CP-NZU","15-Dec-25",215,39.75,215,8546.25,"","N","Y"
33095,2025-12-12 14:50:00,"CP-NZU","16-Dec-25",275,39.55,275,10876.25,"","N","Y"
33143,2025-12-16 10:33:00,"CP-NZU","18-Dec-25",250,39.6,250,9900,"","N","Y"
33146,2025-12-16 15:00:00,"CP-NZU","18-Dec-25",111,38.75,111,4301.25,"","N","Y"
33190,2025-12-17 14:05:00,"CP-NZU","19-Dec-25",250,38,250,9500,"","N","Y"
33223,2025-12-18 14:01:00,"CP-NZU","22-Dec-25",8,38,8,304,"","N","Y"
33228,2025-12-19 13:14:00,"CP-NZU","23-Dec-25",225,40,225,9000,"","N","Y"
33514,2026-01-05 18:39:00,"CP-NZU","8-Jan-26",113,39.75,113,4491.75,"","N","Y"
33520,2026-01-06 13:24:00,"CP-NZU","8-Jan-26",319,39.5,319,12600.5,"","N","Y"
33519,2026-01-06 13:24:00,"CP-NZU","8-Jan-26",481,39.5,481,18999.5,"","N","Y"
33577,2026-01-09 09:56:00,"CP-NZU","13-Jan-26",100,38,100,3800,"","N","Y"
33580,2026-01-09 12:20:00,"CP-NZU","13-Jan-26",100,37.8,100,3780,"","N","Y"
33581,2026-01-09 13:13:00,"CP-NZU","13-Jan-26",300,36.5,300,10950,"","N","Y"
33589,2026-01-09 17:02:00,"CP-NZU","13-Jan-26",100,36,100,3600,"","N","Y"
33601,2026-01-12 08:37:00,"CP-NZU","14-Jan-26",40,35.25,40,1410,"","N","Y"
33600,2026-01-12 08:37:00,"CP-NZU","14-Jan-26",60,35.5,60,2130,"","N","Y"
33602,2026-01-12 09:50:00,"CP-NZU","14-Jan-26",100,36,100,3600,"","N","Y"
33603,2026-01-12 10:29:00,"CP-NZU","14-Jan-26",100,36,100,3600,"","N","Y"
33604,2026-01-12 12:20:00,"CP-NZU","14-Jan-26",200,35.5,200,7100,"","N","Y"
33606,2026-01-12 14:07:00,"CP-NZU","14-Jan-26",100,36,100,3600,"","N","Y"
33605,2026-01-12 14:07:00,"CP-NZU","14-Jan-26",100,36,100,3600,"","N","Y"
33613,2026-01-13 08:51:00,"CP-NZU","15-Jan-26",10,36,10,360,"","N","Y"
33614,2026-01-13 12:13:00,"CP-NZU","15-Jan-26",135,36.5,135,4927.5,"","N","Y"
33621,2026-01-13 15:13:00,"CP-NZU","15-Jan-26",200,36.55,200,7310,"","N","Y"
33623,2026-01-13 15:31:00,"CP-NZU","15-Jan-26",50,36.1,50,1805,"","N","Y"
33622,2026-01-13 15:31:00,"CP-NZU","15-Jan-26",290,36.15,290,10483.5,"","N","Y"
33655,2026-01-14 15:16:00,"CP-NZU","16-Jan-26",230,36.1,230,8303,"","N","Y"
33658,2026-01-14 18:43:00,"CP-NZU","16-Jan-26",50,35.6,50,1780,"","N","Y"
33657,2026-01-14 18:43:00,"CP-NZU","16-Jan-26",100,35.75,100,3575,"","N","Y"
33660,2026-01-14 18:44:00,"CP-NZU","16-Jan-26",29,35,29,1015,"","N","Y"
33659,2026-01-14 18:44:00,"CP-NZU","16-Jan-26",1000,35,1000,35000,"","N","Y"
33662,2026-01-15 10:29:00,"CP-NZU","20-Jan-26",29,35,29,1015,"","N","Y"
33661,2026-01-15 10:29:00,"CP-NZU","20-Jan-26",221,35,221,7735,"","N","Y"
33663,2026-01-15 11:18:00,"CP-NZU","20-Jan-26",821,35,821,28735,"","N","Y"
33687,2026-01-15 14:23:00,"CP-NZU","20-Jan-26",200,33.5,200,6700,"","N","Y"
33686,2026-01-15 14:23:00,"CP-NZU","20-Jan-26",100,33.8,100,3380,"","N","Y"
33697,2026-01-16 11:41:00,"CP-NZU","21-Jan-26",2000,33.2,2000,66400,"","N","Y"
33696,2026-01-16 11:41:00,"CP-NZU","21-Jan-26",100,33.25,100,3325,"","N","Y"
33698,2026-01-16 11:54:00,"CP-NZU","21-Jan-26",4,32.25,4,129,"","N","Y"
33720,2026-01-18 11:23:00,"CP-NZU","21-Jan-26",100,33.6,100,3360,"","N","Y"
33725,2026-01-19 09:01:00,"CP-NZU","21-Jan-26",35,33.6,35,1176,"","N","Y"
33727,2026-01-19 12:14:00,"CP-NZU","21-Jan-26",18,33.6,18,604.8,"","N","Y"
33733,2026-01-20 11:07:00,"CP-NZU","22-Jan-26",57,34,57,1938,"","N","Y"
33734,2026-01-20 11:16:00,"CP-NZU","22-Jan-26",100,35,100,3500,"","N","Y"
33735,2026-01-20 11:34:00,"CP-NZU","22-Jan-26",1000,36,1000,36000,"","N","Y"
33738,2026-01-20 14:52:00,"CP-NZU","22-Jan-26",171,36.2,171,6190.2,"","N","Y"
33737,2026-01-20 14:52:00,"CP-NZU","22-Jan-26",278,36.15,278,10049.7,"","N","Y"
33736,2026-01-20 14:52:00,"CP-NZU","22-Jan-26",250,36,250,9000,"","N","Y"
33772,2026-01-22 11:07:00,"CP-NZU","26-Jan-26",186,38,186,7068,"","N","Y"
33773,2026-01-22 11:15:00,"CP-NZU","26-Jan-26",714,38,714,27132,"","N","Y"
33775,2026-01-22 13:23:00,"CP-NZU","26-Jan-26",50,37,50,1850,"","N","Y"
33774,2026-01-22 13:23:00,"CP-NZU","26-Jan-26",115,37.5,115,4312.5,"","N","Y"
33781,2026-01-23 08:25:00,"CP-NZU","27-Jan-26",800,35.2,800,28160,"","N","Y"
33790,2026-01-23 10:30:00,"CP-NZU","27-Jan-26",110,35,110,3850,"","N","Y"
33805,2026-01-23 15:45:00,"CP-NZU","27-Jan-26",150,34,150,5100,"","N","Y"
33804,2026-01-23 15:45:00,"CP-NZU","27-Jan-26",10,34.55,10,345.5,"","N","Y"
33803,2026-01-23 15:45:00,"CP-NZU","27-Jan-26",20,34.55,20,691,"","N","Y"
33808,2026-01-23 16:41:00,"CP-NZU","27-Jan-26",206,34,206,7004,"","N","Y"
33833,2026-01-26 12:44:00,"CP-NZU","28-Jan-26",150,34,150,5100,"","N","Y"
33843,2026-01-27 09:24:00,"CP-NZU","29-Jan-26",20,34,20,680,"","N","Y"
33854,2026-01-27 10:12:00,"CP-NZU","29-Jan-26",78,34.25,78,2671.5,"","N","Y"
33853,2026-01-27 10:12:00,"CP-NZU","29-Jan-26",50,34.25,50,1712.5,"","N","Y"
33856,2026-01-27 14:33:00,"CP-NZU","29-Jan-26",250,34,250,8500,"","N","Y"
33891,2026-01-28 12:28:00,"CP-NZU","30-Jan-26",100,34.5,100,3450,"","N","Y"
33890,2026-01-28 12:28:00,"CP-NZU","30-Jan-26",100,34.35,100,3435,"","N","Y"
33889,2026-01-28 12:28:00,"CP-NZU","30-Jan-26",100,34.2,100,3420,"","N","Y"
33888,2026-01-28 12:28:00,"CP-NZU","30-Jan-26",100,34.15,100,3415,"","N","Y"
33887,2026-01-28 12:28:00,"CP-NZU","30-Jan-26",100,34.15,100,3415,"","N","Y"
33896,2026-01-29 12:22:00,"CP-NZU","2-Feb-26",170,34.5,170,5865,"","N","Y"
33939,2026-01-30 11:49:00,"CP-NZU","3-Feb-26",50,35,50,1750,"","N","Y"
33938,2026-01-30 11:49:00,"CP-NZU","3-Feb-26",100,35,100,3500,"","N","Y"
33947,2026-01-30 16:47:00,"CP-NZU","3-Feb-26",38,34.55,38,1312.9,"","N","Y"
33961,2026-02-02 10:12:00,"CP-NZU","4-Feb-26",110,35,110,3850,"","N","Y"
33962,2026-02-02 10:59:00,"CP-NZU","4-Feb-26",140,35,140,4900,"","N","Y"
33970,2026-02-02 16:16:00,"CP-NZU","4-Feb-26",327,36,327,11772,"","N","Y"
33973,2026-02-03 14:07:00,"CP-NZU","5-Feb-26",50,36,50,1800,"","N","Y"
33980,2026-02-04 09:55:00,"CP-NZU","9-Feb-26",333,36.75,333,12237.75,"","N","Y"
33981,2026-02-04 10:05:00,"CP-NZU","9-Feb-26",980,37,980,36260,"","N","Y"
33984,2026-02-04 13:31:00,"CP-NZU","9-Feb-26",1000,37.75,1000,37750,"","N","Y"
33983,2026-02-04 13:31:00,"CP-NZU","9-Feb-26",100,37.5,100,3750,"","N","Y"
33995,2026-02-05 12:14:00,"CP-NZU","10-Feb-26",1000,37.75,1000,37750,"","N","Y"
33994,2026-02-05 12:14:00,"CP-NZU","10-Feb-26",150,37.75,150,5662.5,"","N","Y"
33993,2026-02-05 12:14:00,"CP-NZU","10-Feb-26",1000,37.75,1000,37750,"","N","Y"
34061,2026-02-09 13:58:00,"CP-NZU","11-Feb-26",200,38.25,200,7650,"","N","Y"
34060,2026-02-09 13:58:00,"CP-NZU","11-Feb-26",1000,38.25,1000,38250,"","N","Y"
34065,2026-02-10 10:47:00,"CP-NZU","12-Feb-26",162,38.5,162,6237,"","N","Y"
34066,2026-02-10 14:43:00,"CP-NZU","12-Feb-26",231,39,231,9009,"","N","Y"
34081,2026-02-10 19:32:00,"CP-NZU","12-Feb-26",50,40,50,2000,"","N","Y"
34080,2026-02-10 19:32:00,"CP-NZU","12-Feb-26",200,39.5,200,7900,"","N","Y"
34079,2026-02-10 19:32:00,"CP-NZU","12-Feb-26",1000,39,1000,39000,"","N","Y"
34082,2026-02-11 10:13:00,"CP-NZU","13-Feb-26",300,39.9,300,11970,"","N","Y"
34083,2026-02-11 10:18:00,"CP-NZU","13-Feb-26",50,40.25,50,2012.5,"","N","Y"
34084,2026-02-11 10:23:00,"CP-NZU","13-Feb-26",50,40.25,50,2012.5,"","N","Y"
34108,2026-02-12 15:39:00,"CP-NZU","16-Feb-26",1000,44,1000,44000,"","N","Y"
34163,2026-02-16 10:54:00,"CP-NZU","18-Feb-26",100,40,100,4000,"","N","Y"
34189,2026-02-17 14:52:00,"CP-NZU","19-Feb-26",326,40.5,326,13203,"","N","Y"
34205,2026-02-17 16:10:00,"CP-NZU","19-Feb-26",873,43,873,37539,"","N","Y"
34222,2026-02-18 18:21:00,"CP-NZU","20-Feb-26",44,43,44,1892,"","N","Y"
34245,2026-02-19 15:24:00,"CP-NZU","23-Feb-26",9,43,9,387,"","N","Y"
34246,2026-02-19 15:55:00,"CP-NZU","23-Feb-26",100,42.7,100,4270,"","N","Y"
34266,2026-02-20 13:22:00,"CP-NZU","24-Feb-26",1000,44.1,1000,44100,"","N","Y"
34267,2026-02-20 14:00:00,"CP-NZU","24-Feb-26",1500,45,1500,67500,"","N","Y"
34271,2026-02-21 13:47:00,"CP-NZU","24-Feb-26",400,43,400,17200,"","N","Y"
34290,2026-02-23 15:41:00,"CP-NZU","25-Feb-26",100,45.3,100,4530,"","N","Y"
34298,2026-02-23 16:54:00,"CP-NZU","25-Feb-26",50,45,50,2250,"","N","Y"
34301,2026-02-23 19:26:00,"CP-NZU","25-Feb-26",100,46.5,100,4650,"","N","Y"
34302,2026-02-24 08:01:00,"CP-NZU","26-Feb-26",195,46.5,195,9067.5,"","N","Y"
34303,2026-02-24 10:06:00,"CP-NZU","26-Feb-26",500,47,500,23500,"","N","Y"
34315,2026-02-25 12:31:00,"CP-NZU","27-Feb-26",300,47.5,300,14250,"","N","Y"
34364,2026-03-02 10:10:00,"CP-NZU","4-Mar-26",100,47,100,4700,"","N","Y"
34365,2026-03-02 10:11:00,"CP-NZU","4-Mar-26",200,47,200,9400,"","N","Y"
34426,2026-03-05 12:16:00,"CP-NZU","9-Mar-26",1202,44,1202,52888,"","N","Y"
34432,2026-03-05 14:43:00,"CP-NZU","9-Mar-26",600,43,600,25800,"","N","Y"
34433,2026-03-05 15:00:00,"CP-NZU","9-Mar-26",300,43,300,12900,"","N","Y"
34454,2026-03-06 10:33:00,"CP-NZU","10-Mar-26",100,43,100,4300,"","N","Y"
34456,2026-03-06 11:37:00,"CP-NZU","10-Mar-26",100,45,100,4500,"","N","Y"
34455,2026-03-06 11:37:00,"CP-NZU","10-Mar-26",183,45,183,8235,"","N","Y"
34469,2026-03-06 13:36:00,"CP-NZU","10-Mar-26",100,45,100,4500,"","N","Y"
34470,2026-03-06 13:41:00,"CP-NZU","10-Mar-26",200,44.3,200,8860,"","N","Y"
34471,2026-03-06 13:46:00,"CP-NZU","10-Mar-26",100,44.3,100,4430,"","N","Y"
34474,2026-03-06 15:27:00,"CP-NZU","10-Mar-26",200,44,200,8800,"","N","Y"
34508,2026-03-08 19:08:00,"CP-NZU","10-Mar-26",100,44.3,100,4430,"","N","Y"
34509,2026-03-09 10:43:00,"CP-NZU","11-Mar-26",1500,45,1500,67500,"","N","Y"
34540,2026-03-10 13:29:00,"CP-NZU","12-Mar-26",20,44.5,20,890,"","N","Y"
34543,2026-03-10 16:45:00,"CP-NZU","12-Mar-26",300,44.35,300,13305,"","N","Y"
34544,2026-03-11 10:07:00,"CP-NZU","13-Mar-26",250,44,250,11000,"","N","Y"
34559,2026-03-11 11:15:00,"CP-NZU","13-Mar-26",60,44,60,2640,"","N","Y"
34560,2026-03-11 13:02:00,"CP-NZU","13-Mar-26",122,44,122,5368,"","N","Y"
34576,2026-03-11 14:06:00,"CP-NZU","13-Mar-26",100,44,100,4400,"","N","Y"
34599,2026-03-13 08:00:00,"CP-NZU","17-Mar-26",1000,44,1000,44000,"","N","Y"
34624,2026-03-13 15:26:00,"CP-NZU","17-Mar-26",44,43.5,44,1914,"","N","Y"
34681,2026-03-16 13:24:00,"CP-NZU","18-Mar-26",1000,42.5,1000,42500,"","N","Y"
34682,2026-03-16 13:31:00,"CP-NZU","18-Mar-26",58,41.5,58,2407,"","N","Y"
34683,2026-03-16 14:40:00,"CP-NZU","18-Mar-26",72,41.5,72,2988,"","N","Y"
34720,2026-03-18 12:46:00,"CP-NZU","20-Mar-26",113,40,113,4520,"","N","Y"
34721,2026-03-18 13:47:00,"CP-NZU","20-Mar-26",250,40,250,10000,"","N","Y"
34722,2026-03-18 15:16:00,"CP-NZU","20-Mar-26",100,41,100,4100,"","N","Y"
34723,2026-03-18 15:18:00,"CP-NZU","20-Mar-26",250,40,250,10000,"","N","Y"
34724,2026-03-18 15:19:00,"CP-NZU","20-Mar-26",250,39,250,9750,"","N","Y"
34738,2026-03-19 16:33:00,"CP-NZU","23-Mar-26",250,41,250,10250,"","N","Y"
34737,2026-03-19 16:33:00,"CP-NZU","23-Mar-26",350,41,350,14350,"","N","Y"
34751,2026-03-20 12:27:00,"CP-NZU","24-Mar-26",250,40,250,10000,"","N","Y"
34803,2026-03-23 14:02:00,"CP-NZU","25-Mar-26",250,40,250,10000,"","N","Y"
34820,2026-03-24 14:21:00,"CP-NZU","26-Mar-26",166,40,166,6640,"","N","Y"
34821,2026-03-24 15:24:00,"CP-NZU","26-Mar-26",50,40.5,50,2025,"","N","Y"
34830,2026-03-24 17:39:00,"CP-NZU","26-Mar-26",71,41,71,2911,"","N","Y"
34831,2026-03-25 09:55:00,"CP-NZU","27-Mar-26",30,41.5,30,1245,"","N","Y"
34837,2026-03-25 14:04:00,"CP-NZU","27-Mar-26",250,42,250,10500,"","N","Y"
34836,2026-03-25 14:04:00,"CP-NZU","27-Mar-26",84,42,84,3528,"","N","Y"
34861,2026-03-26 13:40:00,"CP-NZU","30-Mar-26",150,42,150,6300,"","N","Y"
34885,2026-03-27 14:41:00,"CP-NZU","31-Mar-26",100,41.5,100,4150,"","N","Y"
34942,2026-03-30 17:15:00,"CP-NZU","1-Apr-26",500,41.5,500,20750,"","N","Y"
34943,2026-03-31 09:09:00,"CP-NZU","2-Apr-26",100,41.5,100,4150,"","N","Y"
34944,2026-03-31 09:58:00,"CP-NZU","2-Apr-26",500,41.5,500,20750,"","N","Y"
34983,2026-03-31 18:24:00,"CP-NZU","2-Apr-26",544,41.5,544,22576,"","N","Y"
34988,2026-04-01 12:24:00,"CP-NZU","7-Apr-26",50,41.5,50,2075,"","N","Y"
34987,2026-04-01 12:24:00,"CP-NZU","7-Apr-26",100,41.5,100,4150,"","N","Y"
34986,2026-04-01 12:24:00,"CP-NZU","7-Apr-26",500,41.5,500,20750,"","N","Y"
34985,2026-04-01 12:24:00,"CP-NZU","7-Apr-26",6,41.5,6,249,"","N","Y"
35077,2026-04-07 16:11:00,"CP-NZU","9-Apr-26",1000,42,1000,42000,"","N","Y"
35093,2026-04-07 18:31:00,"CP-NZU","9-Apr-26",400,41,400,16400,"","N","Y"
35094,2026-04-08 09:52:00,"CP-NZU","10-Apr-26",300,40,300,12000,"","N","Y"
35095,2026-04-08 10:54:00,"CP-NZU","10-Apr-26",500,41,500,20500,"","N","Y"
35100,2026-04-08 11:17:00,"CP-NZU","10-Apr-26",852,42,852,35784,"","N","Y"
35099,2026-04-08 11:17:00,"CP-NZU","10-Apr-26",500,41.5,500,20750,"","N","Y"
35109,2026-04-08 11:34:00,"CP-NZU","10-Apr-26",500,42,500,21000,"","N","Y"
35110,2026-04-08 13:00:00,"CP-NZU","10-Apr-26",750,42,750,31500,"","N","Y"
35157,2026-04-09 11:13:00,"CP-NZU","13-Apr-26",500,43,500,21500,"","N","Y"
35156,2026-04-09 11:13:00,"CP-NZU","13-Apr-26",500,43,500,21500,"","N","Y"
35155,2026-04-09 11:13:00,"CP-NZU","13-Apr-26",200,42,200,8400,"","N","Y"
35160,2026-04-09 13:50:00,"CP-NZU","13-Apr-26",500,43,500,21500,"","N","Y"
35159,2026-04-09 13:50:00,"CP-NZU","13-Apr-26",500,43,500,21500,"","N","Y"
35162,2026-04-09 15:29:00,"CP-NZU","13-Apr-26",1000,43,1000,43000,"","N","Y"
35173,2026-04-10 10:02:00,"CP-NZU","14-Apr-26",500,43,500,21500,"","N","Y"
35174,2026-04-10 11:20:00,"CP-NZU","14-Apr-26",500,41,500,20500,"","N","Y"
35175,2026-04-10 11:28:00,"CP-NZU","14-Apr-26",2400,44,2400,105600,"","N","Y"
35178,2026-04-10 14:09:00,"CP-NZU","14-Apr-26",1500,45,1500,67500,"","N","Y"
35177,2026-04-10 14:09:00,"CP-NZU","14-Apr-26",1000,45,1000,45000,"","N","Y"
35176,2026-04-10 14:09:00,"CP-NZU","14-Apr-26",500,45,500,22500,"","N","Y"
35187,2026-04-10 16:29:00,"CP-NZU","14-Apr-26",5000,45,5000,225000,"","N","Y"
35188,2026-04-10 16:51:00,"CP-NZU","14-Apr-26",4000,45,4000,180000,"","N","Y"
35197,2026-04-10 18:24:00,"CP-NZU","14-Apr-26",116,45,116,5220,"","N","Y"
35198,2026-04-11 11:40:00,"CP-NZU","14-Apr-26",320,45,320,14400,"","N","Y"
35228,2026-04-13 14:29:00,"CP-NZU","15-Apr-26",100,45,100,4500,"","N","Y"
35234,2026-04-14 08:37:00,"CP-NZU","16-Apr-26",2,46,2,92,"","N","Y"
35259,2026-04-15 14:14:00,"CP-NZU","17-Apr-26",1000,45.5,1000,45500,"","N","Y"
35270,2026-04-16 11:57:00,"CP-NZU","20-Apr-26",500,45.5,500,22750,"","N","Y"
35273,2026-04-16 12:14:00,"CP-NZU","20-Apr-26",1000,46,1000,46000,"","N","Y"
35272,2026-04-16 12:14:00,"CP-NZU","20-Apr-26",200,46,200,9200,"","N","Y"
35271,2026-04-16 12:14:00,"CP-NZU","20-Apr-26",98,46,98,4508,"","N","Y"
35274,2026-04-16 13:12:00,"CP-NZU","20-Apr-26",71,46,71,3266,"","N","Y"
35277,2026-04-16 13:54:00,"CP-NZU","20-Apr-26",2000,47,2000,94000,"","N","Y"
35276,2026-04-16 13:54:00,"CP-NZU","20-Apr-26",120,47,120,5640,"","N","Y"
35278,2026-04-16 14:01:00,"CP-NZU","20-Apr-26",1000,47.5,1000,47500,"","N","Y"
35279,2026-04-16 14:34:00,"CP-NZU","20-Apr-26",128,46.25,128,5920,"","N","Y"
35295,2026-04-17 10:59:00,"CP-NZU","21-Apr-26",500,46.5,500,23250,"","N","Y"
35294,2026-04-17 10:59:00,"CP-NZU","21-Apr-26",1000,46.3,1000,46300,"","N","Y"
35301,2026-04-17 14:40:00,"CP-NZU","21-Apr-26",238,47,238,11186,"","N","Y"
35320,2026-04-20 13:37:00,"CP-NZU","22-Apr-26",500,48,500,24000,"","N","Y"
35321,2026-04-20 14:36:00,"CP-NZU","22-Apr-26",1000,49,1000,49000,"","N","Y"
35346,2026-04-21 15:40:00,"CP-NZU","23-Apr-26",66,49,66,3234,"","N","Y"
35347,2026-04-21 15:42:00,"CP-NZU","23-Apr-26",5000,49,5000,245000,"","N","Y"
35351,2026-04-21 16:58:00,"CP-NZU","23-Apr-26",100,49,100,4900,"","N","Y"
35350,2026-04-21 16:58:00,"CP-NZU","23-Apr-26",250,49,250,12250,"","N","Y"
35352,2026-04-22 10:55:00,"CP-NZU","24-Apr-26",68,49,68,3332,"","N","Y"
35355,2026-04-22 12:16:00,"CP-NZU","24-Apr-26",100,49,100,4900,"","N","Y"
35354,2026-04-22 12:16:00,"CP-NZU","24-Apr-26",121,49,121,5929,"","N","Y"
35353,2026-04-22 12:16:00,"CP-NZU","24-Apr-26",182,49,182,8918,"","N","Y"
35356,2026-04-22 12:34:00,"CP-NZU","24-Apr-26",600,49,600,29400,"","N","Y"
35357,2026-04-22 12:39:00,"CP-NZU","24-Apr-26",134,49,134,6566,"","N","Y"
35365,2026-04-22 14:14:00,"CP-NZU","24-Apr-26",250,49,250,12250,"","N","Y"
35367,2026-04-22 15:00:00,"CP-NZU","24-Apr-26",250,49,250,12250,"","N","Y"
35366,2026-04-22 15:00:00,"CP-NZU","24-Apr-26",42,49,42,2058,"","N","Y"
35369,2026-04-22 15:34:00,"CP-NZU","24-Apr-26",300,49,300,14700,"","N","Y"
35374,2026-04-23 08:41:00,"CP-NZU","27-Apr-26",1000,49,1000,49000,"","N","Y"
35373,2026-04-23 08:41:00,"CP-NZU","27-Apr-26",200,49,200,9800,"","N","Y"
35391,2026-04-23 12:06:00,"CP-NZU","27-Apr-26",121,50,121,6050,"","N","Y"
35390,2026-04-23 12:06:00,"CP-NZU","27-Apr-26",1000,50,1000,50000,"","N","Y"
35395,2026-04-23 15:50:00,"CP-NZU","27-Apr-26",1296,49.05,1296,63568.8,"","N","Y"
35396,2026-04-23 15:51:00,"CP-NZU","27-Apr-26",2804,49.05,2804,137536.2,"","N","Y"
35401,2026-04-24 09:07:00,"CP-NZU","28-Apr-26",157,50,157,7850,"","N","Y"
35400,2026-04-24 09:07:00,"CP-NZU","28-Apr-26",79,50,79,3950,"","N","Y"
35399,2026-04-24 09:07:00,"CP-NZU","28-Apr-26",50,49.5,50,2475,"","N","Y"
35498,2026-04-29 12:32:00,"CP-NZU","1-May-26",665,49.5,665,32917.5,"","N","Y"
35505,2026-04-29 12:54:00,"CP-NZU","1-May-26",1000,49.75,1000,49750,"","N","Y"
35507,2026-04-29 13:04:00,"CP-NZU","1-May-26",371,49.5,371,18364.5,"","N","Y"
35516,2026-04-29 13:25:00,"CP-NZU","1-May-26",1301,50,1301,65050,"","N","Y"
35515,2026-04-29 13:25:00,"CP-NZU","1-May-26",60,50,60,3000,"","N","Y"
35514,2026-04-29 13:25:00,"CP-NZU","1-May-26",195,50,195,9750,"","N","Y"
35513,2026-04-29 13:25:00,"CP-NZU","1-May-26",200,50,200,10000,"","N","Y"
35512,2026-04-29 13:25:00,"CP-NZU","1-May-26",228,50,228,11400,"","N","Y"
35511,2026-04-29 13:25:00,"CP-NZU","1-May-26",80,50,80,4000,"","N","Y"
35510,2026-04-29 13:25:00,"CP-NZU","1-May-26",343,50,343,17150,"","N","Y"
35520,2026-04-29 14:45:00,"CP-NZU","1-May-26",765,50,765,38250,"","N","Y"
35521,2026-04-29 15:30:00,"CP-NZU","1-May-26",1000,49.75,1000,49750,"","N","Y"
35529,2026-04-30 10:48:00,"CP-NZU","26-May-26",5000,50,5000,250000,"Off Market Trade","Y","Y"
35537,2026-04-30 14:00:00,"CP-NZU","4-May-26",410,49.75,410,20397.5,"","N","Y"
35539,2026-04-30 14:04:00,"CP-NZU","4-May-26",10,49.75,10,497.5,"","N","Y"
35538,2026-04-30 14:04:00,"CP-NZU","4-May-26",10,49.75,10,497.5,"","N","Y"
35544,2026-04-30 14:10:00,"CP-NZU","4-May-26",1304,50,1304,65200,"","N","Y"
35543,2026-04-30 14:10:00,"CP-NZU","4-May-26",200,50,200,10000,"","N","Y"
35542,2026-04-30 14:10:00,"CP-NZU","4-May-26",250,50,250,12500,"","N","Y"
35541,2026-04-30 14:10:00,"CP-NZU","4-May-26",500,50,500,25000,"","N","Y"
35540,2026-04-30 14:10:00,"CP-NZU","4-May-26",256,50,256,12800,"","N","Y"
35545,2026-04-30 15:03:00,"CP-NZU","4-May-26",248,50.25,248,12462,"","N","Y"
35553,2026-04-30 16:17:00,"CP-NZU","4-May-26",40,50.5,40,2020,"","N","Y"
35552,2026-04-30 16:17:00,"CP-NZU","4-May-26",252,50.25,252,12663,"","N","Y"
35555,2026-04-30 16:51:00,"CP-NZU","4-May-26",1000,50.25,1000,50250,"","N","Y"
35557,2026-04-30 17:16:00,"CP-NZU","4-May-26",25,50,25,1250,"","N","Y"
35560,2026-05-01 10:56:00,"CP-NZU","5-May-26",500,50.5,500,25250,"","N","Y"
35559,2026-05-01 10:56:00,"CP-NZU","5-May-26",60,50,60,3000,"","N","Y"
35558,2026-05-01 10:56:00,"CP-NZU","5-May-26",75,50,75,3750,"","N","Y"
35562,2026-05-01 11:50:00,"CP-NZU","5-May-26",250,51,250,12750,"","N","Y"
35561,2026-05-01 11:50:00,"CP-NZU","5-May-26",133,51,133,6783,"","N","Y"
35563,2026-05-01 11:57:00,"CP-NZU","5-May-26",500,52,500,26000,"","N","Y"
35567,2026-05-01 12:36:00,"CP-NZU","5-May-26",2000,52,2000,104000,"","N","Y"
35568,2026-05-01 12:38:00,"CP-NZU","5-May-26",1000,52.5,1000,52500,"","N","Y"
35630,2026-05-04 11:26:00,"CP-NZU","6-May-26",100,53,100,5300,"","N","Y"
35638,2026-05-04 15:50:00,"CP-NZU","6-May-26",500,53.5,500,26750,"","N","Y"
35646,2026-05-04 17:01:00,"CP-NZU","6-May-26",500,54,500,27000,"","N","Y"
35645,2026-05-04 17:01:00,"CP-NZU","6-May-26",100,54,100,5400,"","N","Y"
35681,2026-05-07 11:48:00,"CP-NZU","11-May-26",150,53,150,7950,"","N","Y"
35682,2026-05-07 11:54:00,"CP-NZU","11-May-26",164,53,164,8692,"","N","Y"
35699,2026-05-07 16:48:00,"CP-NZU","11-May-26",1000,52,1000,52000,"","N","Y"
35721,2026-05-08 11:28:00,"CP-NZU","20-May-26",15000,52,15000,780000,"Off Market Trade","Y","Y"
35773,2026-05-11 10:49:00,"CP-NZU","13-May-26",50,50.5,50,2525,"","N","Y"
35778,2026-05-11 12:33:00,"CP-NZU","13-May-26",500,52,500,26000,"","N","Y"
35777,2026-05-11 12:33:00,"CP-NZU","13-May-26",200,52,200,10400,"","N","Y"
35776,2026-05-11 12:33:00,"CP-NZU","13-May-26",62,51.5,62,3193,"","N","Y"
35787,2026-05-12 09:28:00,"CP-NZU","14-May-26",43,52,43,2236,"","N","Y"
35786,2026-05-12 09:28:00,"CP-NZU","14-May-26",200,52,200,10400,"","N","Y"
35785,2026-05-12 09:28:00,"CP-NZU","14-May-26",500,52,500,26000,"","N","Y"
35784,2026-05-12 09:28:00,"CP-NZU","14-May-26",200,52,200,10400,"","N","Y"
35789,2026-05-12 11:21:00,"CP-NZU","14-May-26",1000,51.75,1000,51750,"","N","Y"
35792,2026-05-12 12:46:00,"CP-NZU","14-May-26",450,50.5,450,22725,"","N","Y"
35793,2026-05-12 12:48:00,"CP-NZU","14-May-26",500,50,500,25000,"Off Market Trade","Y","Y"
35800,2026-05-12 13:43:00,"CP-NZU","14-May-26",725,50,725,36250,"Off Market Trade","Y","Y"
35828,2026-05-14 12:11:00,"CP-NZU","18-May-26",120,50,120,6000,"","N","Y"
35840,2026-05-14 15:22:00,"CP-NZU","18-May-26",370,50,370,18500,"","N","Y"
35839,2026-05-14 15:22:00,"CP-NZU","18-May-26",14,50,14,700,"","N","Y"
35854,2026-05-15 13:53:00,"CP-NZU","19-May-26",284,50.9,284,14455.6,"","N","Y"
35856,2026-05-15 13:54:00,"CP-NZU","19-May-26",15,52,15,780,"","N","Y"
35855,2026-05-15 13:54:00,"CP-NZU","19-May-26",72,51.5,72,3708,"","N","Y"
35863,2026-05-15 17:04:00,"CP-NZU","19-May-26",400,51,400,20400,"","N","Y"
35908,2026-05-18 13:55:00,"CP-NZU","20-May-26",500,52,500,26000,"","N","Y"
35907,2026-05-18 13:55:00,"CP-NZU","20-May-26",500,52,500,26000,"","N","Y"
35906,2026-05-18 13:55:00,"CP-NZU","20-May-26",219,52,219,11388,"","N","Y"
35905,2026-05-18 13:55:00,"CP-NZU","20-May-26",100,52,100,5200,"","N","Y"
35910,2026-05-18 14:48:00,"CP-NZU","20-May-26",1000,51.8,1000,51800,"","N","Y"
35913,2026-05-18 16:14:00,"CP-NZU","20-May-26",1000,52.8,1000,52800,"","N","Y"
35914,2026-05-19 08:15:00,"CP-NZU","21-May-26",304,51.5,304,15656,"","N","Y"
35915,2026-05-19 09:37:00,"CP-NZU","21-May-26",1000,52,1000,52000,"","N","Y"
35916,2026-05-19 11:24:00,"CP-NZU","21-May-26",135,52.5,135,7087.5,"","N","Y"
35946,2026-05-20 10:48:00,"CP-NZU","22-May-26",120,54,120,6480,"","N","Y"
35981,2026-05-21 16:02:00,"CP-NZU","25-May-26",87,53.9,87,4689.3,"","N","Y"
36031,2026-05-22 17:02:00,"CP-NZU","26-May-26",500,52,500,26000,"","N","Y"
36055,2026-05-25 10:02:00,"CP-NZU","27-May-26",100,50,100,5000,"","N","Y"
36056,2026-05-25 10:34:00,"CP-NZU","27-May-26",1050,52,1050,54600,"","N","Y"
36058,2026-05-25 11:04:00,"CP-NZU","27-May-26",100,52,100,5200,"","N","Y"
36057,2026-05-25 11:04:00,"CP-NZU","27-May-26",250,51.5,250,12875,"","N","Y"
36073,2026-05-25 12:17:00,"CP-NZU","27-May-26",500,53,500,26500,"","N","Y"
36072,2026-05-25 12:17:00,"CP-NZU","27-May-26",375,53,375,19875,"","N","Y"
36071,2026-05-25 12:17:00,"CP-NZU","27-May-26",200,52,200,10400,"","N","Y"
36107,2026-05-26 17:03:00,"CP-NZU","28-May-26",150,52.5,150,7875,"","N","Y"
36106,2026-05-26 17:03:00,"CP-NZU","28-May-26",243,52,243,12636,"","N","Y"
36108,2026-05-27 10:42:00,"CP-NZU","29-May-26",1000,52.8,1000,52800,"","N","Y"
36127,2026-05-28 13:04:00,"CP-NZU","2-Jun-26",1000,50.5,1000,50500,"","N","Y"
36128,2026-05-28 13:05:00,"CP-NZU","2-Jun-26",20,50,20,1000,"","N","Y"
36129,2026-05-28 13:23:00,"CP-NZU","2-Jun-26",200,52.25,200,10450,"","N","Y"
36274,2026-06-02 13:38:00,"CP-NZU","4-Jun-26",404,51.5,404,20806,"","N","Y"
36275,2026-06-02 13:44:00,"CP-NZU","4-Jun-26",40,51,40,2040,"","N","Y"
36288,2026-06-03 09:24:00,"CP-NZU","5-Jun-26",50,50,50,2500,"","N","Y"
36293,2026-06-03 11:23:00,"CP-NZU","5-Jun-26",529,51,529,26979,"","N","Y"
36292,2026-06-03 11:23:00,"CP-NZU","5-Jun-26",386,51,386,19686,"","N","Y"
36294,2026-06-03 11:24:00,"CP-NZU","5-Jun-26",1000,51,1000,51000,"","N","Y"
36295,2026-06-03 11:36:00,"CP-NZU","5-Jun-26",300,50,300,15000,"","N","Y"
36306,2026-06-03 12:25:00,"CP-NZU","5-Jun-26",730,50,730,36500,"","N","Y"
36312,2026-06-03 13:45:00,"CP-NZU","5-Jun-26",70,49.5,70,3465,"","N","Y"
36313,2026-06-03 13:47:00,"CP-NZU","5-Jun-26",730,51,730,37230,"","N","Y"
36323,2026-06-03 18:15:00,"CP-NZU","5-Jun-26",200,51.25,200,10250,"","N","Y"
36358,2026-06-04 11:10:00,"CP-NZU","8-Jun-26",500,51.5,500,25750,"","N","Y"
36369,2026-06-04 14:00:00,"CP-NZU","8-Jun-26",109,52,109,5668,"","N","Y"
36368,2026-06-04 14:00:00,"CP-NZU","8-Jun-26",100,52,100,5200,"","N","Y"
36367,2026-06-04 14:00:00,"CP-NZU","8-Jun-26",500,52,500,26000,"","N","Y"
36366,2026-06-04 14:00:00,"CP-NZU","8-Jun-26",500,52,500,26000,"","N","Y"
36365,2026-06-04 14:00:00,"CP-NZU","8-Jun-26",491,52,491,25532,"","N","Y"
36364,2026-06-04 14:00:00,"CP-NZU","8-Jun-26",300,52,300,15600,"","N","Y"
36371,2026-06-04 14:01:00,"CP-NZU","8-Jun-26",391,52,391,20332,"","N","Y"
36370,2026-06-04 14:01:00,"CP-NZU","8-Jun-26",1000,52,1000,52000,"","N","Y"
36377,2026-06-04 15:26:00,"CP-NZU","8-Jun-26",42,49.5,42,2079,"","N","Y"
36389,2026-06-05 13:19:00,"CP-NZU","9-Jun-26",200,50,200,10000,"","N","Y"
36462,2026-06-08 13:36:00,"CP-NZU","10-Jun-26",600,51,600,30600,"","N","Y"
36472,2026-06-08 15:48:00,"CP-NZU","10-Jun-26",250,51,250,12750,"","N","Y"
36481,2026-06-08 17:07:00,"CP-NZU","10-Jun-26",500,52,500,26000,"","N","Y"
36480,2026-06-08 17:07:00,"CP-NZU","10-Jun-26",500,52,500,26000,"","N","Y"
36479,2026-06-08 17:07:00,"CP-NZU","10-Jun-26",1000,52,1000,52000,"","N","Y"
36482,2026-06-09 10:20:00,"CP-NZU","11-Jun-26",552,52,552,28704,"","N","Y"
36483,2026-06-09 11:17:00,"CP-NZU","11-Jun-26",300,52,300,15600,"","N","Y"
36484,2026-06-09 11:49:00,"CP-NZU","11-Jun-26",500,52.5,500,26250,"","N","Y"
36486,2026-06-09 11:51:00,"CP-NZU","11-Jun-26",1000,53,1000,53000,"","N","Y"
36485,2026-06-09 11:51:00,"CP-NZU","11-Jun-26",478,53,478,25334,"","N","Y"
36540,2026-06-10 16:42:00,"CP-NZU","12-Jun-26",2000,52,2000,104000,"","N","Y"
36544,2026-06-10 17:14:00,"CP-NZU","12-Jun-26",1500,52,1500,78000,"","N","Y"
36545,2026-06-10 17:31:00,"CP-NZU","12-Jun-26",327,52,327,17004,"","N","Y"
36568,2026-06-11 16:06:00,"CP-NZU","15-Jun-26",60,51,60,3060,"","N","Y"
36579,2026-06-11 16:22:00,"CP-NZU","15-Jun-26",900,53,900,47700,"","N","Y"
36578,2026-06-11 16:22:00,"CP-NZU","15-Jun-26",324,53,324,17172,"","N","Y"
36577,2026-06-11 16:22:00,"CP-NZU","15-Jun-26",1000,53,1000,53000,"","N","Y"
36576,2026-06-11 16:22:00,"CP-NZU","15-Jun-26",100,53,100,5300,"","N","Y"
36575,2026-06-11 16:22:00,"CP-NZU","15-Jun-26",100,53,100,5300,"","N","Y"
36574,2026-06-11 16:22:00,"CP-NZU","15-Jun-26",2500,53,2500,132500,"","N","Y"
36573,2026-06-11 16:22:00,"CP-NZU","15-Jun-26",60,53,60,3180,"","N","Y"
36592,2026-06-12 10:10:00,"CP-NZU","16-Jun-26",200,53,200,10600,"","N","Y"
36593,2026-06-12 10:13:00,"CP-NZU","16-Jun-26",150,53,150,7950,"","N","Y"
36598,2026-06-12 12:07:00,"CP-NZU","16-Jun-26",30,53,30,1590,"","N","Y"
36597,2026-06-12 12:07:00,"CP-NZU","16-Jun-26",30,53,30,1590,"","N","Y"
36600,2026-06-12 13:46:00,"CP-NZU","16-Jun-26",188,53,188,9964,"","N","Y"
36599,2026-06-12 13:46:00,"CP-NZU","16-Jun-26",40,53,40,2120,"","N","Y"
36601,2026-06-12 13:51:00,"CP-NZU","16-Jun-26",60,53,60,3180,"","N","Y"
36711,2026-06-16 10:22:00,"CP-NZU","18-Jun-26",1000,53,1000,53000,"","N","Y"
36710,2026-06-16 10:22:00,"CP-NZU","18-Jun-26",700,53,700,37100,"","N","Y"
36709,2026-06-16 10:22:00,"CP-NZU","18-Jun-26",40,53,40,2120,"","N","Y"
36721,2026-06-16 14:31:00,"CP-NZU","18-Jun-26",942,53,942,49926,"","N","Y"
36720,2026-06-16 14:31:00,"CP-NZU","18-Jun-26",58,53,58,3074,"","N","Y"
36722,2026-06-16 16:04:00,"CP-NZU","18-Jun-26",1000,53.5,1000,53500,"","N","Y"
36729,2026-06-16 18:00:00,"CP-NZU","18-Jun-26",58,53,58,3074,"","N","Y"
36730,2026-06-17 09:47:00,"CP-NZU","19-Jun-26",442,53,442,23426,"","N","Y"
36777,2026-06-18 15:06:00,"CP-NZU","22-Jun-26",40,53,40,2120,"","N","Y"
36789,2026-06-18 16:15:00,"CP-NZU","22-Jun-26",263,54,263,14202,"","N","Y"
36788,2026-06-18 16:15:00,"CP-NZU","22-Jun-26",350,54,350,18900,"","N","Y"
36802,2026-06-18 16:49:00,"CP-NZU","22-Jun-26",100,54.5,100,5450,"","N","Y"
36832,2026-06-19 15:29:00,"CP-NZU","23-Jun-26",1000,54,1000,54000,"","N","Y"
36904,2026-06-22 13:43:00,"CP-NZU","24-Jun-26",213,54,213,11502,"","N","Y"
36903,2026-06-22 13:43:00,"CP-NZU","24-Jun-26",500,54,500,27000,"","N","Y"
36902,2026-06-22 13:43:00,"CP-NZU","24-Jun-26",1000,54,1000,54000,"","N","Y"
36901,2026-06-22 13:43:00,"CP-NZU","24-Jun-26",863,54,863,46602,"","N","Y"
36900,2026-06-22 13:43:00,"CP-NZU","24-Jun-26",340,54,340,18360,"","N","Y"
36905,2026-06-22 13:57:00,"CP-NZU","24-Jun-26",100,54.5,100,5450,"","N","Y"
36920,2026-06-23 16:10:00,"CP-NZU","25-Jun-26",500,55,500,27500,"","N","Y"
36923,2026-06-23 16:11:00,"CP-NZU","25-Jun-26",50,55,50,2750,"","N","Y"
36922,2026-06-23 16:11:00,"CP-NZU","25-Jun-26",100,55,100,5500,"","N","Y"
36921,2026-06-23 16:11:00,"CP-NZU","25-Jun-26",1000,55,1000,55000,"","N","Y"
36936,2026-06-23 16:40:00,"CP-NZU","25-Jun-26",40,55,40,2200,"","N","Y"
36937,2026-06-23 17:01:00,"CP-NZU","25-Jun-26",460,55,460,25300,"","N","Y"
36938,2026-06-23 17:03:00,"CP-NZU","25-Jun-26",500,55,500,27500,"","N","Y"
36939,2026-06-23 17:04:00,"CP-NZU","25-Jun-26",40,55,40,2200,"","N","Y"
36940,2026-06-23 17:12:00,"CP-NZU","25-Jun-26",215,55,215,11825,"","N","Y"
36986,2026-06-25 11:38:00,"CP-NZU","29-Jun-26",249,54,249,13446,"","N","Y"
37000,2026-06-25 14:04:00,"CP-NZU","29-Jun-26",1000,54.8,1000,54800,"","N","Y"
37001,2026-06-25 14:31:00,"CP-NZU","29-Jun-26",32,54,32,1728,"","N","Y"
37002,2026-06-25 14:52:00,"CP-NZU","29-Jun-26",8,54,8,432,"","N","Y"
37003,2026-06-25 15:23:00,"CP-NZU","29-Jun-26",442,54,442,23868,"","N","Y"
37065,2026-06-29 09:58:00,"CP-NZU","1-Jul-26",600,55,600,33000,"","N","Y"
37129,2026-07-01 18:03:00,"CP-NZU","3-Jul-26",50,54,50,2700,"","N","Y"
37150,2026-07-03 10:00:00,"CP-NZU","7-Jul-26",75,54,75,4050,"","N","Y"
37218,2026-07-07 13:42:00,"CP-NZU","9-Jul-26",30,53.3,30,1599,"","N","Y"
37219,2026-07-07 14:43:00,"CP-NZU","9-Jul-26",200,53.75,200,10750,"","N","Y"
37246,2026-07-08 14:24:00,"CP-NZU","13-Jul-26",1000,53.75,1000,53750,"","N","Y"
37245,2026-07-08 14:24:00,"CP-NZU","13-Jul-26",283,53.7,283,15197.1,"","N","Y"
37247,2026-07-08 15:54:00,"CP-NZU","13-Jul-26",20,54,20,1080,"","N","Y"
37248,2026-07-08 16:10:00,"CP-NZU","13-Jul-26",78,54,78,4212,"","N","Y"
37263,2026-07-08 16:44:00,"CP-NZU","13-Jul-26",2,54,2,108,"","N","Y"
37264,2026-07-09 09:17:00,"CP-NZU","14-Jul-26",1000,53.8,1000,53800,"","N","Y"
37283,2026-07-09 12:20:00,"CP-NZU","14-Jul-26",800,54,800,43200,"","N","Y"
37282,2026-07-09 12:20:00,"CP-NZU","14-Jul-26",100,54,100,5400,"","N","Y"
37281,2026-07-09 12:20:00,"CP-NZU","14-Jul-26",1000,54,1000,54000,"","N","Y"
37285,2026-07-09 12:21:00,"CP-NZU","14-Jul-26",50,54,50,2700,"","N","Y"
37284,2026-07-09 12:21:00,"CP-NZU","14-Jul-26",200,54,200,10800,"","N","Y"
37451,2026-07-14 10:27:00,"CP-NZU","16-Jul-26",50,53,50,2650,"","N","Y"
37455,2026-07-14 13:16:00,"CP-NZU","16-Jul-26",665,52,665,34580,"","N","Y"
37472,2026-07-15 10:49:00,"CP-NZU","17-Jul-26",1000,53.9,1000,53900,"","N","Y"
37471,2026-07-15 10:49:00,"CP-NZU","17-Jul-26",1000,53.8,1000,53800,"","N","Y"
37491,2026-07-15 14:27:00,"CP-NZU","17-Jul-26",1499,53.5,1499,80196.5,"","N","Y"
37492,2026-07-15 14:28:00,"CP-NZU","17-Jul-26",105,54,105,5670,"","N","Y"
37493,2026-07-15 14:39:00,"CP-NZU","17-Jul-26",50,54.25,50,2712.5,"","N","Y"
37507,2026-07-16 14:18:00,"CP-NZU","20-Jul-26",1000,53.8,1000,53800,"","N","Y"
37511,2026-07-16 15:46:00,"CP-NZU","20-Jul-26",600,54,600,32400,"","N","Y"
37510,2026-07-16 15:46:00,"CP-NZU","20-Jul-26",1000,53.9,1000,53900,"","N","Y"
37512,2026-07-16 19:23:00,"CP-NZU","20-Jul-26",200,54,200,10800,"","N","Y"
37522,2026-07-17 12:07:00,"CP-NZU","21-Jul-26",1000,54.25,1000,54250,"","N","Y"
37533,2026-07-17 17:08:00,"CP-NZU","21-Jul-26",1000,54.3,1000,54300,"","N","Y"
37570,2026-07-20 09:33:00,"CP-NZU","22-Jul-26",59,54,59,3186,"","N","Y"
37644,2026-07-20 15:10:00,"CP-NZU","22-Jul-26",223,54,223,12042,"","N","Y"
37647,2026-07-20 16:37:00,"CP-NZU","22-Jul-26",1500,54.5,1500,81750,"","N","Y"
37646,2026-07-20 16:37:00,"CP-NZU","22-Jul-26",1000,54.3,1000,54300,"","N","Y"
37658,2026-07-21 12:17:00,"CP-NZU","23-Jul-26",20,54.9,20,1098,"","N","Y"
37661,2026-07-21 14:33:00,"CP-NZU","23-Jul-26",226,54.9,226,12407.4,"","N","Y"
37667,2026-07-21 14:35:00,"CP-NZU","23-Jul-26",1000,55,1000,55000,"","N","Y"
37666,2026-07-21 14:35:00,"CP-NZU","23-Jul-26",1056,55,1056,58080,"","N","Y"
37665,2026-07-21 14:35:00,"CP-NZU","23-Jul-26",1000,55,1000,55000,"","N","Y"
37664,2026-07-21 14:35:00,"CP-NZU","23-Jul-26",840,55,840,46200,"","N","Y"
37663,2026-07-21 14:35:00,"CP-NZU","23-Jul-26",1000,55,1000,55000,"","N","Y"
37662,2026-07-21 14:35:00,"CP-NZU","23-Jul-26",602,55,602,33110,"","N","Y"
37683,2026-07-21 15:46:00,"CP-NZU","23-Jul-26",400,55.9,400,22360,"","N","Y"
37684,2026-07-21 15:53:00,"CP-NZU","23-Jul-26",1000,56,1000,56000,"","N","Y"
37715,2026-07-22 11:59:00,"CP-NZU","24-Jul-26",500,56,500,28000,"","N","Y"
37714,2026-07-22 11:59:00,"CP-NZU","24-Jul-26",1000,55.9,1000,55900,"","N","Y"
37730,2026-07-22 19:46:00,"CP-NZU","24-Jul-26",50,55,50,2750,"","N","Y"
37736,2026-07-23 13:58:00,"CP-NZU","27-Jul-26",75,55,75,4125,"","N","Y"
37737,2026-07-23 14:09:00,"CP-NZU","27-Jul-26",50,55,50,2750,"","N","Y"
37756,2026-07-23 15:53:00,"CP-NZU","27-Jul-26",655,56,655,36680,"","N","Y"
37774,2026-07-23 17:36:00,"CP-NZU","27-Jul-26",1000,56.1,1000,56100,"","N","Y"
37773,2026-07-23 17:36:00,"CP-NZU","27-Jul-26",1000,56,1000,56000,"","N","Y"
37892,2026-07-28 11:16:00,"CP-NZU","30-Jul-26",53,56.1,53,2973.3,"","N","Y"
37927,2026-07-29 15:14:00,"CP-NZU","31-Jul-26",50,55.5,50,2775,"","N","Y"
37929,2026-07-29 16:46:00,"CP-NZU","31-Jul-26",1557,55,1557,85635,"","N","Y"
37935,2026-07-30 09:43:00,"CP-NZU","3-Aug-26",557,55,557,30635,"","N","Y"
37949,2026-07-30 11:47:00,"CP-NZU","3-Aug-26",1000,55,1000,55000,"","N","Y"
37961,2026-07-30 14:18:00,"CP-NZU","3-Aug-26",1000,55.5,1000,55500,"","N","Y"
37962,2026-07-30 14:19:00,"CP-NZU","3-Aug-26",947,55.9,947,52937.3,"","N","Y"
38024,2026-08-03 12:03:00,"CP-NZU","5-Aug-26",50,55,50,2750,"","N","Y"
38026,2026-08-03 14:06:00,"CP-NZU","5-Aug-26",100,55,100,5500,"","N","Y"
38025,2026-08-03 14:06:00,"CP-NZU","5-Aug-26",1000,55,1000,55000,"","N","Y"
38042,2026-08-04 10:07:00,"CP-NZU","6-Aug-26",965,55,965,53075,"","N","Y"
38081,2026-08-06 09:04:00,"CP-NZU","10-Aug-26",1000,55.5,1000,55500,"","N","Y"
38084,2026-08-06 11:58:00,"CP-NZU","10-Aug-26",100,55,100,5500,"","N","Y"
38100,2026-08-07 09:28:00,"CP-NZU","11-Aug-26",1000,55,1000,55000,"","N","Y"
38101,2026-08-07 09:47:00,"CP-NZU","11-Aug-26",100,55,100,5500,"","N","Y"
38110,2026-08-07 12:50:00,"CP-NZU","11-Aug-26",154,55,154,8470,"","N","Y"
38164,2026-08-10 11:54:00,"CP-NZU","12-Aug-26",560,54,560,30240,"","N","Y"
38196,2026-08-11 14:36:00,"CP-NZU","13-Aug-26",50,54.5,50,2725,"","N","Y"
38207,2026-08-11 16:08:00,"CP-NZU","13-Aug-26",33,54.9,33,1811.7,"","N","Y"
38238,2026-08-13 10:08:00,"CP-NZU","17-Aug-26",1000,54.75,1000,54750,"","N","Y"
38237,2026-08-13 10:08:00,"CP-NZU","17-Aug-26",200,54.6,200,10920,"","N","Y"
38239,2026-08-13 10:09:00,"CP-NZU","17-Aug-26",413,54.8,413,22632.4,"","N","Y"
38241,2026-08-13 10:24:00,"CP-NZU","17-Aug-26",202,55,202,11110,"","N","Y"
38240,2026-08-13 10:24:00,"CP-NZU","17-Aug-26",50,55,50,2750,"","N","Y"
38280,2026-08-13 15:41:00,"CP-NZU","17-Aug-26",1000,54,1000,54000,"","N","Y"
38403,2026-08-19 13:18:00,"CP-NZU","21-Aug-26",784,53,784,41552,"","N","Y"
38408,2026-08-19 15:45:00,"CP-NZU","21-Aug-26",80,53,80,4240,"","N","Y"
38409,2026-08-19 15:52:00,"CP-NZU","21-Aug-26",184,53,184,9752,"","N","Y"
38412,2026-08-19 16:25:00,"CP-NZU","21-Aug-26",66,53.6,66,3537.6,"","N","Y"
38496,2026-08-24 09:41:00,"CP-NZU","26-Aug-26",50,53,50,2650,"","N","Y"
38508,2026-08-24 10:36:00,"CP-NZU","26-Aug-26",500,53,500,26500,"","N","Y"
38509,2026-08-24 12:51:00,"CP-NZU","26-Aug-26",84,53,84,4452,"","N","Y"
38540,2026-08-25 18:11:00,"CP-NZU","27-Aug-26",100,51,100,5100,"","N","Y"
38555,2026-08-26 11:01:00,"CP-NZU","28-Aug-26",50,51,50,2550,"","N","Y"
38572,2026-08-26 13:38:00,"CP-NZU","28-Aug-26",1000,51,1000,51000,"","N","Y"
38573,2026-08-26 16:08:00,"CP-NZU","28-Aug-26",200,51,200,10200,"","N","Y"
38574,2026-08-26 16:12:00,"CP-NZU","28-Aug-26",1000,52,1000,52000,"","N","Y"
38576,2026-08-26 16:19:00,"CP-NZU","28-Aug-26",1000,52.5,1000,52500,"","N","Y"
38607,2026-08-28 13:39:00,"CP-NZU","1-Sep-26",1000,51,1000,51000,"","N","Y"
38617,2026-08-28 15:54:00,"CP-NZU","1-Sep-26",1000,52.2,1000,52200,"","N","Y"
38616,2026-08-28 15:54:00,"CP-NZU","1-Sep-26",323,52,323,16796,"","N","Y"
38619,2026-08-28 16:39:00,"CP-NZU","1-Sep-26",100,52,100,5200,"","N","Y"
38621,2026-08-28 17:03:00,"CP-NZU","1-Sep-26",1000,52.3,1000,52300,"","N","Y"
38622,2026-08-28 18:39:00,"CP-NZU","1-Sep-26",30,51.5,30,1545,"","N","Y"
38623,2026-08-28 18:40:00,"CP-NZU","1-Sep-26",30,51.5,30,1545,"","N","Y"
38624,2026-08-28 18:42:00,"CP-NZU","1-Sep-26",30,51.5,30,1545,"","N","Y"
38625,2026-08-29 10:02:00,"CP-NZU","1-Sep-26",460,51.5,460,23690,"","N","Y"
38628,2026-08-29 10:03:00,"CP-NZU","1-Sep-26",500,51,500,25500,"","N","Y"
38663,2026-08-31 08:32:00,"CP-NZU","2-Sep-26",80,51.5,80,4120,"","N","Y"
38662,2026-08-31 08:32:00,"CP-NZU","2-Sep-26",300,51.5,300,15450,"","N","Y"
38664,2026-08-31 08:34:00,"CP-NZU","2-Sep-26",10,51.2,10,512,"","N","Y"
38679,2026-08-31 13:36:00,"CP-NZU","2-Sep-26",100,51.5,100,5150,"","N","Y"
38680,2026-08-31 13:37:00,"CP-NZU","2-Sep-26",100,51.5,100,5150,"","N","Y"
38759,2026-09-04 16:41:00,"CP-NZU","8-Sep-26",78,51,78,3978,"","N","Y"
